[W702 23:04:55.479371297 OperatorEntry.cpp:208] Warning: Warning only once for all operators,  other operators may also be overridden.
  Overriding a previously registered kernel for the same operator and the same dispatch key
  operator: aten::gather.out(Tensor self, int dim, Tensor index, *, bool sparse_grad=False, Tensor(a!) out) -> Tensor(a!)
    registered at /pytorch/build/aten/src/ATen/RegisterSchema.cpp:6
  dispatch key: PrivateUse1
  previous kernel: registered at /pytorch/build/aten/src/ATen/RegisterCPU_3.cpp:7637
       new kernel: registered at NeuronDispatcher.cpp:0 (function operator())
[trunk.pt] crop=256 keys=['token_single_trunk_initial_repr', 'token_pair_trunk_initial_repr', 'token_single_trunk_repr', 'token_pair_trunk_repr', 'msa_input_feats', 'msa_mask', 'template_input_feats', 'template_input_masks', 'token_single_mask', 'token_pair_mask']
2026-Jul-02 23:05:07.574224 240915:240915  INFO   NRT:nrt_init                                Neuron Runtime 2.32.19.0 built on May  7 2026
2026-Jul-02 23:05:07.574289 240915:240915  INFO   NRT:nrt_init                                Found neuron driver: 2.28
2026-Jul-02 23:05:07.574346 240915:240915  INFO   NRT:nrt_allocate_neuron_cores               Instance info:: device count:16 cores per device:8 architecture:TRN
2026-Jul-02 23:05:07.574552 240915:240915  INFO  TDRV:hwdecode_load_tables_generic            Loading hwdecode tables for v3 architecture
2026-Jul-02 23:05:07.574567 240915:240915  INFO  TDRV:hwdecode_load_tables_generic            HW Decode PE CAM - md5hash: 0xd19ca34344033a642e25338ebda7741c
2026-Jul-02 23:05:07.574581 240915:240915  INFO  TDRV:hwdecode_load_tables_generic            HW Decode PE PROFILE - md5hash: 0x8afa88d9cfdf4d0d5e793c876583a6ec
2026-Jul-02 23:05:07.574587 240915:240915  INFO  TDRV:hwdecode_load_tables_generic            HW Decode ACT CAM - md5hash: 0xd19ca34344033a642e25338ebda7741c
2026-Jul-02 23:05:07.574600 240915:240915  INFO  TDRV:hwdecode_load_tables_generic            HW Decode ACT PROFILE - md5hash: 0x8afa88d9cfdf4d0d5e793c876583a6ec
2026-Jul-02 23:05:07.574851 240915:240915  INFO   ENC:check_version                           Using CCOM 2.32.16.0-
2026-Jul-02 23:05:07.582519 240915:240915  INFO  TDRV:tdrv_init                               TDRV UltraServer information server_type:0 reservation_id:0x0 pod_sz:0 election_state:4 node_id:-1
2026-Jul-02 23:05:14.607644 240915:240915  INFO  TDRV:tdrv_hbm_scrub_start                    Initializing nd0 HBM 0 with value 0
2026-Jul-02 23:05:14.628312 240915:240915  INFO  TDRV:tdrv_hbm_scrub_start                    Initializing nd0 HBM 1 with value 0
2026-Jul-02 23:05:14.650608 240915:240915  INFO  TDRV:tdrv_hbm_scrub_start                    Initializing nd0 HBM 2 with value 0
2026-Jul-02 23:05:14.676697 240915:240915  INFO  TDRV:tdrv_hbm_scrub_start                    Initializing nd0 HBM 3 with value 0
2026-Jul-02 23:05:15.461192 240915:240915  INFO  TDRV:tdrv_hbm_scrub_start                    Initializing nd1 HBM 0 with value 0
2026-Jul-02 23:05:15.483098 240915:240915  INFO  TDRV:tdrv_hbm_scrub_start                    Initializing nd1 HBM 1 with value 0
2026-Jul-02 23:05:15.503728 240915:240915  INFO  TDRV:tdrv_hbm_scrub_start                    Initializing nd1 HBM 2 with value 0
2026-Jul-02 23:05:15.523872 240915:240915  INFO  TDRV:tdrv_hbm_scrub_start                    Initializing nd1 HBM 3 with value 0
2026-Jul-02 23:05:15.547246 240915:240915  INFO  TDRV:tdrv_hbm_scrub_start                    Initializing nd2 HBM 0 with value 0
2026-Jul-02 23:05:15.567073 240915:240915  INFO  TDRV:tdrv_hbm_scrub_start                    Initializing nd2 HBM 1 with value 0
2026-Jul-02 23:05:15.587196 240915:240915  INFO  TDRV:tdrv_hbm_scrub_start                    Initializing nd2 HBM 2 with value 0
2026-Jul-02 23:05:15.608318 240915:240915  INFO  TDRV:tdrv_hbm_scrub_start                    Initializing nd2 HBM 3 with value 0
2026-Jul-02 23:05:15.628910 240915:240915  INFO  TDRV:tdrv_hbm_scrub_start                    Initializing nd3 HBM 0 with value 0
2026-Jul-02 23:05:15.648609 240915:240915  INFO  TDRV:tdrv_hbm_scrub_start                    Initializing nd3 HBM 1 with value 0
2026-Jul-02 23:05:15.669595 240915:240915  INFO  TDRV:tdrv_hbm_scrub_start                    Initializing nd3 HBM 2 with value 0
2026-Jul-02 23:05:15.690166 240915:240915  INFO  TDRV:tdrv_hbm_scrub_start                    Initializing nd3 HBM 3 with value 0
2026-Jul-02 23:05:15.714123 240915:240915  INFO  TDRV:tdrv_hbm_scrub_start                    Initializing nd4 HBM 0 with value 0
2026-Jul-02 23:05:15.737573 240915:240915  INFO  TDRV:tdrv_hbm_scrub_start                    Initializing nd4 HBM 1 with value 0
2026-Jul-02 23:05:15.761132 240915:240915  INFO  TDRV:tdrv_hbm_scrub_start                    Initializing nd4 HBM 2 with value 0
2026-Jul-02 23:05:15.786761 240915:240915  INFO  TDRV:tdrv_hbm_scrub_start                    Initializing nd4 HBM 3 with value 0
2026-Jul-02 23:05:15.810974 240915:240915  INFO  TDRV:tdrv_hbm_scrub_start                    Initializing nd5 HBM 0 with value 0
2026-Jul-02 23:05:15.840645 240915:240915  INFO  TDRV:tdrv_hbm_scrub_start                    Initializing nd5 HBM 1 with value 0
2026-Jul-02 23:05:15.864975 240915:240915  INFO  TDRV:tdrv_hbm_scrub_start                    Initializing nd5 HBM 2 with value 0
2026-Jul-02 23:05:15.889775 240915:240915  INFO  TDRV:tdrv_hbm_scrub_start                    Initializing nd5 HBM 3 with value 0
2026-Jul-02 23:05:16.420793 240915:240915  INFO  TDRV:tdrv_hbm_scrub_start                    Initializing nd6 HBM 0 with value 0
2026-Jul-02 23:05:16.451639 240915:240915  INFO  TDRV:tdrv_hbm_scrub_start                    Initializing nd6 HBM 1 with value 0
2026-Jul-02 23:05:16.481935 240915:240915  INFO  TDRV:tdrv_hbm_scrub_start                    Initializing nd6 HBM 2 with value 0
2026-Jul-02 23:05:16.507355 240915:240915  INFO  TDRV:tdrv_hbm_scrub_start                    Initializing nd6 HBM 3 with value 0
2026-Jul-02 23:05:16.532932 240915:240915  INFO  TDRV:tdrv_hbm_scrub_start                    Initializing nd7 HBM 0 with value 0
2026-Jul-02 23:05:16.555599 240915:240915  INFO  TDRV:tdrv_hbm_scrub_start                    Initializing nd7 HBM 1 with value 0
2026-Jul-02 23:05:16.578187 240915:240915  INFO  TDRV:tdrv_hbm_scrub_start                    Initializing nd7 HBM 2 with value 0
2026-Jul-02 23:05:16.603287 240915:240915  INFO  TDRV:tdrv_hbm_scrub_start                    Initializing nd7 HBM 3 with value 0
2026-Jul-02 23:05:16.633718 240915:240915  INFO  TDRV:tdrv_hbm_scrub_start                    Initializing nd8 HBM 0 with value 0
2026-Jul-02 23:05:16.663847 240915:240915  INFO  TDRV:tdrv_hbm_scrub_start                    Initializing nd8 HBM 1 with value 0
2026-Jul-02 23:05:16.689268 240915:240915  INFO  TDRV:tdrv_hbm_scrub_start                    Initializing nd8 HBM 2 with value 0
2026-Jul-02 23:05:16.736474 240915:240915  INFO  TDRV:tdrv_hbm_scrub_start                    Initializing nd8 HBM 3 with value 0
2026-Jul-02 23:05:16.761974 240915:240915  INFO  TDRV:tdrv_hbm_scrub_start                    Initializing nd9 HBM 0 with value 0
2026-Jul-02 23:05:16.786966 240915:240915  INFO  TDRV:tdrv_hbm_scrub_start                    Initializing nd9 HBM 1 with value 0
2026-Jul-02 23:05:16.813929 240915:240915  INFO  TDRV:tdrv_hbm_scrub_start                    Initializing nd9 HBM 2 with value 0
2026-Jul-02 23:05:16.843415 240915:240915  INFO  TDRV:tdrv_hbm_scrub_start                    Initializing nd9 HBM 3 with value 0
2026-Jul-02 23:05:16.869404 240915:240915  INFO  TDRV:tdrv_hbm_scrub_start                    Initializing nd10 HBM 0 with value 0
2026-Jul-02 23:05:16.897966 240915:240915  INFO  TDRV:tdrv_hbm_scrub_start                    Initializing nd10 HBM 1 with value 0
2026-Jul-02 23:05:16.923390 240915:240915  INFO  TDRV:tdrv_hbm_scrub_start                    Initializing nd10 HBM 2 with value 0
2026-Jul-02 23:05:16.946408 240915:240915  INFO  TDRV:tdrv_hbm_scrub_start                    Initializing nd10 HBM 3 with value 0
2026-Jul-02 23:05:16.977062 240915:240915  INFO  TDRV:tdrv_hbm_scrub_start                    Initializing nd11 HBM 0 with value 0
2026-Jul-02 23:05:17.000211 240915:240915  INFO  TDRV:tdrv_hbm_scrub_start                    Initializing nd11 HBM 1 with value 0
2026-Jul-02 23:05:17.033248 240915:240915  INFO  TDRV:tdrv_hbm_scrub_start                    Initializing nd11 HBM 2 with value 0
2026-Jul-02 23:05:17.054675 240915:240915  INFO  TDRV:tdrv_hbm_scrub_start                    Initializing nd11 HBM 3 with value 0
2026-Jul-02 23:05:17.169524 240915:240915  INFO  TDRV:tdrv_hbm_scrub_start                    Initializing nd12 HBM 0 with value 0
2026-Jul-02 23:05:17.189197 240915:240915  INFO  TDRV:tdrv_hbm_scrub_start                    Initializing nd12 HBM 1 with value 0
2026-Jul-02 23:05:17.220537 240915:240915  INFO  TDRV:tdrv_hbm_scrub_start                    Initializing nd12 HBM 2 with value 0
2026-Jul-02 23:05:17.243408 240915:240915  INFO  TDRV:tdrv_hbm_scrub_start                    Initializing nd12 HBM 3 with value 0
2026-Jul-02 23:05:17.267706 240915:240915  INFO  TDRV:tdrv_hbm_scrub_start                    Initializing nd13 HBM 0 with value 0
2026-Jul-02 23:05:17.295110 240915:240915  INFO  TDRV:tdrv_hbm_scrub_start                    Initializing nd13 HBM 1 with value 0
2026-Jul-02 23:05:17.319195 240915:240915  INFO  TDRV:tdrv_hbm_scrub_start                    Initializing nd13 HBM 2 with value 0
2026-Jul-02 23:05:17.342937 240915:240915  INFO  TDRV:tdrv_hbm_scrub_start                    Initializing nd13 HBM 3 with value 0
2026-Jul-02 23:05:17.363160 240915:240915  INFO  TDRV:tdrv_hbm_scrub_start                    Initializing nd14 HBM 0 with value 0
2026-Jul-02 23:05:17.383047 240915:240915  INFO  TDRV:tdrv_hbm_scrub_start                    Initializing nd14 HBM 1 with value 0
2026-Jul-02 23:05:17.401950 240915:240915  INFO  TDRV:tdrv_hbm_scrub_start                    Initializing nd14 HBM 2 with value 0
2026-Jul-02 23:05:17.422467 240915:240915  INFO  TDRV:tdrv_hbm_scrub_start                    Initializing nd14 HBM 3 with value 0
2026-Jul-02 23:05:17.445608 240915:240915  INFO  TDRV:tdrv_hbm_scrub_start                    Initializing nd15 HBM 0 with value 0
2026-Jul-02 23:05:17.466556 240915:240915  INFO  TDRV:tdrv_hbm_scrub_start                    Initializing nd15 HBM 1 with value 0
2026-Jul-02 23:05:17.489448 240915:240915  INFO  TDRV:tdrv_hbm_scrub_start                    Initializing nd15 HBM 2 with value 0
2026-Jul-02 23:05:17.511373 240915:240915  INFO  TDRV:tdrv_hbm_scrub_start                    Initializing nd15 HBM 3 with value 0
2026-Jul-02 23:05:17.511617 240915:240915  INFO  TDRV:tdrv_hbm_scrub_wait                     Finished initialization/scrubbing for nd0 HBM 0
2026-Jul-02 23:05:17.511854 240915:240915  INFO  TDRV:tdrv_hbm_scrub_wait                     Finished initialization/scrubbing for nd0 HBM 1
2026-Jul-02 23:05:17.512080 240915:240915  INFO  TDRV:tdrv_hbm_scrub_wait                     Finished initialization/scrubbing for nd0 HBM 2
2026-Jul-02 23:05:17.512314 240915:240915  INFO  TDRV:tdrv_hbm_scrub_wait                     Finished initialization/scrubbing for nd0 HBM 3
2026-Jul-02 23:05:17.512543 240915:240915  INFO  TDRV:tdrv_hbm_scrub_wait                     Finished initialization/scrubbing for nd1 HBM 0
2026-Jul-02 23:05:17.512769 240915:240915  INFO  TDRV:tdrv_hbm_scrub_wait                     Finished initialization/scrubbing for nd1 HBM 1
2026-Jul-02 23:05:17.512987 240915:240915  INFO  TDRV:tdrv_hbm_scrub_wait                     Finished initialization/scrubbing for nd1 HBM 2
2026-Jul-02 23:05:17.513213 240915:240915  INFO  TDRV:tdrv_hbm_scrub_wait                     Finished initialization/scrubbing for nd1 HBM 3
2026-Jul-02 23:05:17.513443 240915:240915  INFO  TDRV:tdrv_hbm_scrub_wait                     Finished initialization/scrubbing for nd2 HBM 0
2026-Jul-02 23:05:17.513669 240915:240915  INFO  TDRV:tdrv_hbm_scrub_wait                     Finished initialization/scrubbing for nd2 HBM 1
2026-Jul-02 23:05:17.513889 240915:240915  INFO  TDRV:tdrv_hbm_scrub_wait                     Finished initialization/scrubbing for nd2 HBM 2
2026-Jul-02 23:05:17.514110 240915:240915  INFO  TDRV:tdrv_hbm_scrub_wait                     Finished initialization/scrubbing for nd2 HBM 3
2026-Jul-02 23:05:17.514351 240915:240915  INFO  TDRV:tdrv_hbm_scrub_wait                     Finished initialization/scrubbing for nd3 HBM 0
2026-Jul-02 23:05:17.514576 240915:240915  INFO  TDRV:tdrv_hbm_scrub_wait                     Finished initialization/scrubbing for nd3 HBM 1
2026-Jul-02 23:05:17.514794 240915:240915  INFO  TDRV:tdrv_hbm_scrub_wait                     Finished initialization/scrubbing for nd3 HBM 2
2026-Jul-02 23:05:17.515017 240915:240915  INFO  TDRV:tdrv_hbm_scrub_wait                     Finished initialization/scrubbing for nd3 HBM 3
2026-Jul-02 23:05:17.515287 240915:240915  INFO  TDRV:tdrv_hbm_scrub_wait                     Finished initialization/scrubbing for nd4 HBM 0
2026-Jul-02 23:05:17.515537 240915:240915  INFO  TDRV:tdrv_hbm_scrub_wait                     Finished initialization/scrubbing for nd4 HBM 1
2026-Jul-02 23:05:17.515780 240915:240915  INFO  TDRV:tdrv_hbm_scrub_wait                     Finished initialization/scrubbing for nd4 HBM 2
2026-Jul-02 23:05:17.516033 240915:240915  INFO  TDRV:tdrv_hbm_scrub_wait                     Finished initialization/scrubbing for nd4 HBM 3
2026-Jul-02 23:05:17.516294 240915:240915  INFO  TDRV:tdrv_hbm_scrub_wait                     Finished initialization/scrubbing for nd5 HBM 0
2026-Jul-02 23:05:17.516544 240915:240915  INFO  TDRV:tdrv_hbm_scrub_wait                     Finished initialization/scrubbing for nd5 HBM 1
2026-Jul-02 23:05:17.516787 240915:240915  INFO  TDRV:tdrv_hbm_scrub_wait                     Finished initialization/scrubbing for nd5 HBM 2
2026-Jul-02 23:05:17.517030 240915:240915  INFO  TDRV:tdrv_hbm_scrub_wait                     Finished initialization/scrubbing for nd5 HBM 3
2026-Jul-02 23:05:17.517289 240915:240915  INFO  TDRV:tdrv_hbm_scrub_wait                     Finished initialization/scrubbing for nd6 HBM 0
2026-Jul-02 23:05:17.517536 240915:240915  INFO  TDRV:tdrv_hbm_scrub_wait                     Finished initialization/scrubbing for nd6 HBM 1
2026-Jul-02 23:05:17.517776 240915:240915  INFO  TDRV:tdrv_hbm_scrub_wait                     Finished initialization/scrubbing for nd6 HBM 2
2026-Jul-02 23:05:17.518018 240915:240915  INFO  TDRV:tdrv_hbm_scrub_wait                     Finished initialization/scrubbing for nd6 HBM 3
2026-Jul-02 23:05:17.518277 240915:240915  INFO  TDRV:tdrv_hbm_scrub_wait                     Finished initialization/scrubbing for nd7 HBM 0
2026-Jul-02 23:05:17.518521 240915:240915  INFO  TDRV:tdrv_hbm_scrub_wait                     Finished initialization/scrubbing for nd7 HBM 1
2026-Jul-02 23:05:17.518761 240915:240915  INFO  TDRV:tdrv_hbm_scrub_wait                     Finished initialization/scrubbing for nd7 HBM 2
2026-Jul-02 23:05:17.519000 240915:240915  INFO  TDRV:tdrv_hbm_scrub_wait                     Finished initialization/scrubbing for nd7 HBM 3
2026-Jul-02 23:05:17.519253 240915:240915  INFO  TDRV:tdrv_hbm_scrub_wait                     Finished initialization/scrubbing for nd8 HBM 0
2026-Jul-02 23:05:17.519498 240915:240915  INFO  TDRV:tdrv_hbm_scrub_wait                     Finished initialization/scrubbing for nd8 HBM 1
2026-Jul-02 23:05:17.519738 240915:240915  INFO  TDRV:tdrv_hbm_scrub_wait                     Finished initialization/scrubbing for nd8 HBM 2
2026-Jul-02 23:05:17.519988 240915:240915  INFO  TDRV:tdrv_hbm_scrub_wait                     Finished initialization/scrubbing for nd8 HBM 3
2026-Jul-02 23:05:17.520254 240915:240915  INFO  TDRV:tdrv_hbm_scrub_wait                     Finished initialization/scrubbing for nd9 HBM 0
2026-Jul-02 23:05:17.520500 240915:240915  INFO  TDRV:tdrv_hbm_scrub_wait                     Finished initialization/scrubbing for nd9 HBM 1
2026-Jul-02 23:05:17.520738 240915:240915  INFO  TDRV:tdrv_hbm_scrub_wait                     Finished initialization/scrubbing for nd9 HBM 2
2026-Jul-02 23:05:17.520979 240915:240915  INFO  TDRV:tdrv_hbm_scrub_wait                     Finished initialization/scrubbing for nd9 HBM 3
2026-Jul-02 23:05:17.521235 240915:240915  INFO  TDRV:tdrv_hbm_scrub_wait                     Finished initialization/scrubbing for nd10 HBM 0
2026-Jul-02 23:05:17.521476 240915:240915  INFO  TDRV:tdrv_hbm_scrub_wait                     Finished initialization/scrubbing for nd10 HBM 1
2026-Jul-02 23:05:17.521717 240915:240915  INFO  TDRV:tdrv_hbm_scrub_wait                     Finished initialization/scrubbing for nd10 HBM 2
2026-Jul-02 23:05:17.521957 240915:240915  INFO  TDRV:tdrv_hbm_scrub_wait                     Finished initialization/scrubbing for nd10 HBM 3
2026-Jul-02 23:05:17.522213 240915:240915  INFO  TDRV:tdrv_hbm_scrub_wait                     Finished initialization/scrubbing for nd11 HBM 0
2026-Jul-02 23:05:17.522459 240915:240915  INFO  TDRV:tdrv_hbm_scrub_wait                     Finished initialization/scrubbing for nd11 HBM 1
2026-Jul-02 23:05:17.522698 240915:240915  INFO  TDRV:tdrv_hbm_scrub_wait                     Finished initialization/scrubbing for nd11 HBM 2
2026-Jul-02 23:05:17.522941 240915:240915  INFO  TDRV:tdrv_hbm_scrub_wait                     Finished initialization/scrubbing for nd11 HBM 3
2026-Jul-02 23:05:17.523181 240915:240915  INFO  TDRV:tdrv_hbm_scrub_wait                     Finished initialization/scrubbing for nd12 HBM 0
2026-Jul-02 23:05:17.523403 240915:240915  INFO  TDRV:tdrv_hbm_scrub_wait                     Finished initialization/scrubbing for nd12 HBM 1
2026-Jul-02 23:05:17.523621 240915:240915  INFO  TDRV:tdrv_hbm_scrub_wait                     Finished initialization/scrubbing for nd12 HBM 2
2026-Jul-02 23:05:17.523851 240915:240915  INFO  TDRV:tdrv_hbm_scrub_wait                     Finished initialization/scrubbing for nd12 HBM 3
2026-Jul-02 23:05:17.524077 240915:240915  INFO  TDRV:tdrv_hbm_scrub_wait                     Finished initialization/scrubbing for nd13 HBM 0
2026-Jul-02 23:05:17.524310 240915:240915  INFO  TDRV:tdrv_hbm_scrub_wait                     Finished initialization/scrubbing for nd13 HBM 1
2026-Jul-02 23:05:17.524532 240915:240915  INFO  TDRV:tdrv_hbm_scrub_wait                     Finished initialization/scrubbing for nd13 HBM 2
2026-Jul-02 23:05:17.524749 240915:240915  INFO  TDRV:tdrv_hbm_scrub_wait                     Finished initialization/scrubbing for nd13 HBM 3
2026-Jul-02 23:05:17.524971 240915:240915  INFO  TDRV:tdrv_hbm_scrub_wait                     Finished initialization/scrubbing for nd14 HBM 0
2026-Jul-02 23:05:17.525200 240915:240915  INFO  TDRV:tdrv_hbm_scrub_wait                     Finished initialization/scrubbing for nd14 HBM 1
2026-Jul-02 23:05:17.525417 240915:240915  INFO  TDRV:tdrv_hbm_scrub_wait                     Finished initialization/scrubbing for nd14 HBM 2
2026-Jul-02 23:05:17.539608 240915:240915  INFO  TDRV:tdrv_hbm_scrub_wait                     Finished initialization/scrubbing for nd14 HBM 3
2026-Jul-02 23:05:17.562300 240915:240915  INFO  TDRV:tdrv_hbm_scrub_wait                     Finished initialization/scrubbing for nd15 HBM 0
2026-Jul-02 23:05:17.583748 240915:240915  INFO  TDRV:tdrv_hbm_scrub_wait                     Finished initialization/scrubbing for nd15 HBM 1
2026-Jul-02 23:05:17.610738 240915:240915  INFO  TDRV:tdrv_hbm_scrub_wait                     Finished initialization/scrubbing for nd15 HBM 2
2026-Jul-02 23:05:17.628405 240915:240915  INFO  TDRV:tdrv_hbm_scrub_wait                     Finished initialization/scrubbing for nd15 HBM 3
2026-Jul-02 23:05:17.634824 240915:240915  INFO  TDRV:ucode_print_hash                        SEQ UCODE IMGs from ucode lib - ENG: pe, iram md5hash: 0xa09af37658b916de7ca91e08c513367d, dram md5hash: 0x64ece29664b8d28c597162ed9f5a07d1
2026-Jul-02 23:05:17.634969 240915:240915  INFO  TDRV:ucode_print_hash                        SEQ UCODE IMGs from ucode lib - ENG: act, iram md5hash: 0x6fd03fc17d631b5b41beeea7c74110b9, dram md5hash: 0xf1d8d02216b4f4fdd31dcfb380a0c08a
2026-Jul-02 23:05:17.635131 240915:240915  INFO  TDRV:ucode_print_hash                        SEQ UCODE IMGs from ucode lib - ENG: pool, iram md5hash: 0x0dec91409be9b137bc5dce1a8c3cde80, dram md5hash: 0xe2478c83875b2cea6a6d2f69e48d90f3
2026-Jul-02 23:05:17.635296 240915:240915  INFO  TDRV:ucode_print_hash                        SEQ UCODE IMGs from ucode lib - ENG: dve, iram md5hash: 0x13aaf7e60a6d939e280cb09623ab7a35, dram md5hash: 0x1ea843a78cc1f76383ed6b372d029214
2026-Jul-02 23:05:17.635457 240915:240915  INFO  TDRV:ucode_print_hash                        SEQ UCODE IMGs from ucode lib - ENG: sp, iram md5hash: 0x97c685359099aa52298e8bb2fc463db2, dram md5hash: 0x1ae53218b284a7f46f99ac4d95443e2f
2026-Jul-02 23:05:17.635671 240915:240915  INFO  TDRV:ucode_print_hash                        SEQ UCODE IMGs from ucode lib - ENG: Q7, iram md5hash: 0xfa068885577109761d814f0966d3b776, dram md5hash: 0xcd426140bedbc9176466d7ad763ecec7
2026-Jul-02 23:05:17.638352 240915:240915  INFO  TDRV:ucode_print_hash                        SEQ UCODE IMGs from ucode lib - ENG: pe, iram md5hash: 0xa09af37658b916de7ca91e08c513367d, dram md5hash: 0x64ece29664b8d28c597162ed9f5a07d1
2026-Jul-02 23:05:17.638490 240915:240915  INFO  TDRV:ucode_print_hash                        SEQ UCODE IMGs from ucode lib - ENG: act, iram md5hash: 0x6fd03fc17d631b5b41beeea7c74110b9, dram md5hash: 0xf1d8d02216b4f4fdd31dcfb380a0c08a
2026-Jul-02 23:05:17.638649 240915:240915  INFO  TDRV:ucode_print_hash                        SEQ UCODE IMGs from ucode lib - ENG: pool, iram md5hash: 0x0dec91409be9b137bc5dce1a8c3cde80, dram md5hash: 0xe2478c83875b2cea6a6d2f69e48d90f3
2026-Jul-02 23:05:17.638795 240915:240915  INFO  TDRV:ucode_print_hash                        SEQ UCODE IMGs from ucode lib - ENG: dve, iram md5hash: 0x13aaf7e60a6d939e280cb09623ab7a35, dram md5hash: 0x1ea843a78cc1f76383ed6b372d029214
2026-Jul-02 23:05:17.638951 240915:240915  INFO  TDRV:ucode_print_hash                        SEQ UCODE IMGs from ucode lib - ENG: sp, iram md5hash: 0x97c685359099aa52298e8bb2fc463db2, dram md5hash: 0x1ae53218b284a7f46f99ac4d95443e2f
2026-Jul-02 23:05:17.639170 240915:240915  INFO  TDRV:ucode_print_hash                        SEQ UCODE IMGs from ucode lib - ENG: Q7, iram md5hash: 0xfa068885577109761d814f0966d3b776, dram md5hash: 0xcd426140bedbc9176466d7ad763ecec7
2026-Jul-02 23:05:17.650805 240915:240915  INFO  TDRV:tdrv_init_one_mla_phase2                Initialized vcore: 0
2026-Jul-02 23:05:17.655858 240915:240915  INFO  TDRV:ucode_print_hash                        SEQ UCODE IMGs from ucode lib - ENG: pe, iram md5hash: 0xa09af37658b916de7ca91e08c513367d, dram md5hash: 0x64ece29664b8d28c597162ed9f5a07d1
2026-Jul-02 23:05:17.656012 240915:240915  INFO  TDRV:ucode_print_hash                        SEQ UCODE IMGs from ucode lib - ENG: act, iram md5hash: 0x6fd03fc17d631b5b41beeea7c74110b9, dram md5hash: 0xf1d8d02216b4f4fdd31dcfb380a0c08a
2026-Jul-02 23:05:17.656188 240915:240915  INFO  TDRV:ucode_print_hash                        SEQ UCODE IMGs from ucode lib - ENG: pool, iram md5hash: 0x0dec91409be9b137bc5dce1a8c3cde80, dram md5hash: 0xe2478c83875b2cea6a6d2f69e48d90f3
2026-Jul-02 23:05:17.656339 240915:240915  INFO  TDRV:ucode_print_hash                        SEQ UCODE IMGs from ucode lib - ENG: dve, iram md5hash: 0x13aaf7e60a6d939e280cb09623ab7a35, dram md5hash: 0x1ea843a78cc1f76383ed6b372d029214
2026-Jul-02 23:05:17.656504 240915:240915  INFO  TDRV:ucode_print_hash                        SEQ UCODE IMGs from ucode lib - ENG: sp, iram md5hash: 0x97c685359099aa52298e8bb2fc463db2, dram md5hash: 0x1ae53218b284a7f46f99ac4d95443e2f
2026-Jul-02 23:05:17.656719 240915:240915  INFO  TDRV:ucode_print_hash                        SEQ UCODE IMGs from ucode lib - ENG: Q7, iram md5hash: 0xfa068885577109761d814f0966d3b776, dram md5hash: 0xcd426140bedbc9176466d7ad763ecec7
2026-Jul-02 23:05:17.659085 240915:240915  INFO  TDRV:ucode_print_hash                        SEQ UCODE IMGs from ucode lib - ENG: pe, iram md5hash: 0xa09af37658b916de7ca91e08c513367d, dram md5hash: 0x64ece29664b8d28c597162ed9f5a07d1
2026-Jul-02 23:05:17.659237 240915:240915  INFO  TDRV:ucode_print_hash                        SEQ UCODE IMGs from ucode lib - ENG: act, iram md5hash: 0x6fd03fc17d631b5b41beeea7c74110b9, dram md5hash: 0xf1d8d02216b4f4fdd31dcfb380a0c08a
2026-Jul-02 23:05:17.659400 240915:240915  INFO  TDRV:ucode_print_hash                        SEQ UCODE IMGs from ucode lib - ENG: pool, iram md5hash: 0x0dec91409be9b137bc5dce1a8c3cde80, dram md5hash: 0xe2478c83875b2cea6a6d2f69e48d90f3
2026-Jul-02 23:05:17.659545 240915:240915  INFO  TDRV:ucode_print_hash                        SEQ UCODE IMGs from ucode lib - ENG: dve, iram md5hash: 0x13aaf7e60a6d939e280cb09623ab7a35, dram md5hash: 0x1ea843a78cc1f76383ed6b372d029214
2026-Jul-02 23:05:17.659701 240915:240915  INFO  TDRV:ucode_print_hash                        SEQ UCODE IMGs from ucode lib - ENG: sp, iram md5hash: 0x97c685359099aa52298e8bb2fc463db2, dram md5hash: 0x1ae53218b284a7f46f99ac4d95443e2f
2026-Jul-02 23:05:17.659942 240915:240915  INFO  TDRV:ucode_print_hash                        SEQ UCODE IMGs from ucode lib - ENG: Q7, iram md5hash: 0xfa068885577109761d814f0966d3b776, dram md5hash: 0xcd426140bedbc9176466d7ad763ecec7
2026-Jul-02 23:05:17.671431 240915:240915  INFO  TDRV:tdrv_init_one_mla_phase2                Initialized vcore: 1
2026-Jul-02 23:05:17.674709 240915:240915  INFO  TDRV:ucode_print_hash                        SEQ UCODE IMGs from ucode lib - ENG: pe, iram md5hash: 0xa09af37658b916de7ca91e08c513367d, dram md5hash: 0x64ece29664b8d28c597162ed9f5a07d1
2026-Jul-02 23:05:17.674844 240915:240915  INFO  TDRV:ucode_print_hash                        SEQ UCODE IMGs from ucode lib - ENG: act, iram md5hash: 0x6fd03fc17d631b5b41beeea7c74110b9, dram md5hash: 0xf1d8d02216b4f4fdd31dcfb380a0c08a
2026-Jul-02 23:05:17.675002 240915:240915  INFO  TDRV:ucode_print_hash                        SEQ UCODE IMGs from ucode lib - ENG: pool, iram md5hash: 0x0dec91409be9b137bc5dce1a8c3cde80, dram md5hash: 0xe2478c83875b2cea6a6d2f69e48d90f3
2026-Jul-02 23:05:17.675157 240915:240915  INFO  TDRV:ucode_print_hash                        SEQ UCODE IMGs from ucode lib - ENG: dve, iram md5hash: 0x13aaf7e60a6d939e280cb09623ab7a35, dram md5hash: 0x1ea843a78cc1f76383ed6b372d029214
2026-Jul-02 23:05:17.675314 240915:240915  INFO  TDRV:ucode_print_hash                        SEQ UCODE IMGs from ucode lib - ENG: sp, iram md5hash: 0x97c685359099aa52298e8bb2fc463db2, dram md5hash: 0x1ae53218b284a7f46f99ac4d95443e2f
2026-Jul-02 23:05:17.675521 240915:240915  INFO  TDRV:ucode_print_hash                        SEQ UCODE IMGs from ucode lib - ENG: Q7, iram md5hash: 0xfa068885577109761d814f0966d3b776, dram md5hash: 0xcd426140bedbc9176466d7ad763ecec7
2026-Jul-02 23:05:17.677756 240915:240915  INFO  TDRV:ucode_print_hash                        SEQ UCODE IMGs from ucode lib - ENG: pe, iram md5hash: 0xa09af37658b916de7ca91e08c513367d, dram md5hash: 0x64ece29664b8d28c597162ed9f5a07d1
2026-Jul-02 23:05:17.677892 240915:240915  INFO  TDRV:ucode_print_hash                        SEQ UCODE IMGs from ucode lib - ENG: act, iram md5hash: 0x6fd03fc17d631b5b41beeea7c74110b9, dram md5hash: 0xf1d8d02216b4f4fdd31dcfb380a0c08a
2026-Jul-02 23:05:17.678048 240915:240915  INFO  TDRV:ucode_print_hash                        SEQ UCODE IMGs from ucode lib - ENG: pool, iram md5hash: 0x0dec91409be9b137bc5dce1a8c3cde80, dram md5hash: 0xe2478c83875b2cea6a6d2f69e48d90f3
2026-Jul-02 23:05:17.678210 240915:240915  INFO  TDRV:ucode_print_hash                        SEQ UCODE IMGs from ucode lib - ENG: dve, iram md5hash: 0x13aaf7e60a6d939e280cb09623ab7a35, dram md5hash: 0x1ea843a78cc1f76383ed6b372d029214
2026-Jul-02 23:05:17.678368 240915:240915  INFO  TDRV:ucode_print_hash                        SEQ UCODE IMGs from ucode lib - ENG: sp, iram md5hash: 0x97c685359099aa52298e8bb2fc463db2, dram md5hash: 0x1ae53218b284a7f46f99ac4d95443e2f
2026-Jul-02 23:05:17.678576 240915:240915  INFO  TDRV:ucode_print_hash                        SEQ UCODE IMGs from ucode lib - ENG: Q7, iram md5hash: 0xfa068885577109761d814f0966d3b776, dram md5hash: 0xcd426140bedbc9176466d7ad763ecec7
2026-Jul-02 23:05:17.688673 240915:240915  INFO  TDRV:tdrv_init_one_mla_phase2                Initialized vcore: 2
2026-Jul-02 23:05:17.691117 240915:240915  INFO  TDRV:ucode_print_hash                        SEQ UCODE IMGs from ucode lib - ENG: pe, iram md5hash: 0xa09af37658b916de7ca91e08c513367d, dram md5hash: 0x64ece29664b8d28c597162ed9f5a07d1
2026-Jul-02 23:05:17.691266 240915:240915  INFO  TDRV:ucode_print_hash                        SEQ UCODE IMGs from ucode lib - ENG: act, iram md5hash: 0x6fd03fc17d631b5b41beeea7c74110b9, dram md5hash: 0xf1d8d02216b4f4fdd31dcfb380a0c08a
2026-Jul-02 23:05:17.691422 240915:240915  INFO  TDRV:ucode_print_hash                        SEQ UCODE IMGs from ucode lib - ENG: pool, iram md5hash: 0x0dec91409be9b137bc5dce1a8c3cde80, dram md5hash: 0xe2478c83875b2cea6a6d2f69e48d90f3
2026-Jul-02 23:05:17.691566 240915:240915  INFO  TDRV:ucode_print_hash                        SEQ UCODE IMGs from ucode lib - ENG: dve, iram md5hash: 0x13aaf7e60a6d939e280cb09623ab7a35, dram md5hash: 0x1ea843a78cc1f76383ed6b372d029214
2026-Jul-02 23:05:17.691722 240915:240915  INFO  TDRV:ucode_print_hash                        SEQ UCODE IMGs from ucode lib - ENG: sp, iram md5hash: 0x97c685359099aa52298e8bb2fc463db2, dram md5hash: 0x1ae53218b284a7f46f99ac4d95443e2f
2026-Jul-02 23:05:17.691963 240915:240915  INFO  TDRV:ucode_print_hash                        SEQ UCODE IMGs from ucode lib - ENG: Q7, iram md5hash: 0xfa068885577109761d814f0966d3b776, dram md5hash: 0xcd426140bedbc9176466d7ad763ecec7
2026-Jul-02 23:05:17.694189 240915:240915  INFO  TDRV:ucode_print_hash                        SEQ UCODE IMGs from ucode lib - ENG: pe, iram md5hash: 0xa09af37658b916de7ca91e08c513367d, dram md5hash: 0x64ece29664b8d28c597162ed9f5a07d1
2026-Jul-02 23:05:17.694324 240915:240915  INFO  TDRV:ucode_print_hash                        SEQ UCODE IMGs from ucode lib - ENG: act, iram md5hash: 0x6fd03fc17d631b5b41beeea7c74110b9, dram md5hash: 0xf1d8d02216b4f4fdd31dcfb380a0c08a
2026-Jul-02 23:05:17.694480 240915:240915  INFO  TDRV:ucode_print_hash                        SEQ UCODE IMGs from ucode lib - ENG: pool, iram md5hash: 0x0dec91409be9b137bc5dce1a8c3cde80, dram md5hash: 0xe2478c83875b2cea6a6d2f69e48d90f3
2026-Jul-02 23:05:17.694624 240915:240915  INFO  TDRV:ucode_print_hash                        SEQ UCODE IMGs from ucode lib - ENG: dve, iram md5hash: 0x13aaf7e60a6d939e280cb09623ab7a35, dram md5hash: 0x1ea843a78cc1f76383ed6b372d029214
2026-Jul-02 23:05:17.694780 240915:240915  INFO  TDRV:ucode_print_hash                        SEQ UCODE IMGs from ucode lib - ENG: sp, iram md5hash: 0x97c685359099aa52298e8bb2fc463db2, dram md5hash: 0x1ae53218b284a7f46f99ac4d95443e2f
2026-Jul-02 23:05:17.694986 240915:240915  INFO  TDRV:ucode_print_hash                        SEQ UCODE IMGs from ucode lib - ENG: Q7, iram md5hash: 0xfa068885577109761d814f0966d3b776, dram md5hash: 0xcd426140bedbc9176466d7ad763ecec7
2026-Jul-02 23:05:17.705174 240915:240915  INFO  TDRV:tdrv_init_one_mla_phase2                Initialized vcore: 3
2026-Jul-02 23:05:17.708423 240915:240915  INFO  TDRV:ucode_print_hash                        SEQ UCODE IMGs from ucode lib - ENG: pe, iram md5hash: 0xa09af37658b916de7ca91e08c513367d, dram md5hash: 0x64ece29664b8d28c597162ed9f5a07d1
2026-Jul-02 23:05:17.708558 240915:240915  INFO  TDRV:ucode_print_hash                        SEQ UCODE IMGs from ucode lib - ENG: act, iram md5hash: 0x6fd03fc17d631b5b41beeea7c74110b9, dram md5hash: 0xf1d8d02216b4f4fdd31dcfb380a0c08a
2026-Jul-02 23:05:17.708714 240915:240915  INFO  TDRV:ucode_print_hash                        SEQ UCODE IMGs from ucode lib - ENG: pool, iram md5hash: 0x0dec91409be9b137bc5dce1a8c3cde80, dram md5hash: 0xe2478c83875b2cea6a6d2f69e48d90f3
2026-Jul-02 23:05:17.708857 240915:240915  INFO  TDRV:ucode_print_hash                        SEQ UCODE IMGs from ucode lib - ENG: dve, iram md5hash: 0x13aaf7e60a6d939e280cb09623ab7a35, dram md5hash: 0x1ea843a78cc1f76383ed6b372d029214
2026-Jul-02 23:05:17.709013 240915:240915  INFO  TDRV:ucode_print_hash                        SEQ UCODE IMGs from ucode lib - ENG: sp, iram md5hash: 0x97c685359099aa52298e8bb2fc463db2, dram md5hash: 0x1ae53218b284a7f46f99ac4d95443e2f
2026-Jul-02 23:05:17.709229 240915:240915  INFO  TDRV:ucode_print_hash                        SEQ UCODE IMGs from ucode lib - ENG: Q7, iram md5hash: 0xfa068885577109761d814f0966d3b776, dram md5hash: 0xcd426140bedbc9176466d7ad763ecec7
2026-Jul-02 23:05:17.711417 240915:240915  INFO  TDRV:ucode_print_hash                        SEQ UCODE IMGs from ucode lib - ENG: pe, iram md5hash: 0xa09af37658b916de7ca91e08c513367d, dram md5hash: 0x64ece29664b8d28c597162ed9f5a07d1
2026-Jul-02 23:05:17.711551 240915:240915  INFO  TDRV:ucode_print_hash                        SEQ UCODE IMGs from ucode lib - ENG: act, iram md5hash: 0x6fd03fc17d631b5b41beeea7c74110b9, dram md5hash: 0xf1d8d02216b4f4fdd31dcfb380a0c08a
2026-Jul-02 23:05:17.711706 240915:240915  INFO  TDRV:ucode_print_hash                        SEQ UCODE IMGs from ucode lib - ENG: pool, iram md5hash: 0x0dec91409be9b137bc5dce1a8c3cde80, dram md5hash: 0xe2478c83875b2cea6a6d2f69e48d90f3
2026-Jul-02 23:05:17.711871 240915:240915  INFO  TDRV:ucode_print_hash                        SEQ UCODE IMGs from ucode lib - ENG: dve, iram md5hash: 0x13aaf7e60a6d939e280cb09623ab7a35, dram md5hash: 0x1ea843a78cc1f76383ed6b372d029214
2026-Jul-02 23:05:17.712047 240915:240915  INFO  TDRV:ucode_print_hash                        SEQ UCODE IMGs from ucode lib - ENG: sp, iram md5hash: 0x97c685359099aa52298e8bb2fc463db2, dram md5hash: 0x1ae53218b284a7f46f99ac4d95443e2f
2026-Jul-02 23:05:17.712308 240915:240915  INFO  TDRV:ucode_print_hash                        SEQ UCODE IMGs from ucode lib - ENG: Q7, iram md5hash: 0xfa068885577109761d814f0966d3b776, dram md5hash: 0xcd426140bedbc9176466d7ad763ecec7
2026-Jul-02 23:05:17.722564 240915:240915  INFO  TDRV:tdrv_init_one_mla_phase2                Initialized vcore: 4
2026-Jul-02 23:05:17.725021 240915:240915  INFO  TDRV:ucode_print_hash                        SEQ UCODE IMGs from ucode lib - ENG: pe, iram md5hash: 0xa09af37658b916de7ca91e08c513367d, dram md5hash: 0x64ece29664b8d28c597162ed9f5a07d1
2026-Jul-02 23:05:17.725168 240915:240915  INFO  TDRV:ucode_print_hash                        SEQ UCODE IMGs from ucode lib - ENG: act, iram md5hash: 0x6fd03fc17d631b5b41beeea7c74110b9, dram md5hash: 0xf1d8d02216b4f4fdd31dcfb380a0c08a
2026-Jul-02 23:05:17.725324 240915:240915  INFO  TDRV:ucode_print_hash                        SEQ UCODE IMGs from ucode lib - ENG: pool, iram md5hash: 0x0dec91409be9b137bc5dce1a8c3cde80, dram md5hash: 0xe2478c83875b2cea6a6d2f69e48d90f3
2026-Jul-02 23:05:17.725467 240915:240915  INFO  TDRV:ucode_print_hash                        SEQ UCODE IMGs from ucode lib - ENG: dve, iram md5hash: 0x13aaf7e60a6d939e280cb09623ab7a35, dram md5hash: 0x1ea843a78cc1f76383ed6b372d029214
2026-Jul-02 23:05:17.725624 240915:240915  INFO  TDRV:ucode_print_hash                        SEQ UCODE IMGs from ucode lib - ENG: sp, iram md5hash: 0x97c685359099aa52298e8bb2fc463db2, dram md5hash: 0x1ae53218b284a7f46f99ac4d95443e2f
2026-Jul-02 23:05:17.725830 240915:240915  INFO  TDRV:ucode_print_hash                        SEQ UCODE IMGs from ucode lib - ENG: Q7, iram md5hash: 0xfa068885577109761d814f0966d3b776, dram md5hash: 0xcd426140bedbc9176466d7ad763ecec7
2026-Jul-02 23:05:17.728044 240915:240915  INFO  TDRV:ucode_print_hash                        SEQ UCODE IMGs from ucode lib - ENG: pe, iram md5hash: 0xa09af37658b916de7ca91e08c513367d, dram md5hash: 0x64ece29664b8d28c597162ed9f5a07d1
2026-Jul-02 23:05:17.728232 240915:240915  INFO  TDRV:ucode_print_hash                        SEQ UCODE IMGs from ucode lib - ENG: act, iram md5hash: 0x6fd03fc17d631b5b41beeea7c74110b9, dram md5hash: 0xf1d8d02216b4f4fdd31dcfb380a0c08a
2026-Jul-02 23:05:17.728418 240915:240915  INFO  TDRV:ucode_print_hash                        SEQ UCODE IMGs from ucode lib - ENG: pool, iram md5hash: 0x0dec91409be9b137bc5dce1a8c3cde80, dram md5hash: 0xe2478c83875b2cea6a6d2f69e48d90f3
2026-Jul-02 23:05:17.728561 240915:240915  INFO  TDRV:ucode_print_hash                        SEQ UCODE IMGs from ucode lib - ENG: dve, iram md5hash: 0x13aaf7e60a6d939e280cb09623ab7a35, dram md5hash: 0x1ea843a78cc1f76383ed6b372d029214
2026-Jul-02 23:05:17.728717 240915:240915  INFO  TDRV:ucode_print_hash                        SEQ UCODE IMGs from ucode lib - ENG: sp, iram md5hash: 0x97c685359099aa52298e8bb2fc463db2, dram md5hash: 0x1ae53218b284a7f46f99ac4d95443e2f
2026-Jul-02 23:05:17.728927 240915:240915  INFO  TDRV:ucode_print_hash                        SEQ UCODE IMGs from ucode lib - ENG: Q7, iram md5hash: 0xfa068885577109761d814f0966d3b776, dram md5hash: 0xcd426140bedbc9176466d7ad763ecec7
2026-Jul-02 23:05:17.739328 240915:240915  INFO  TDRV:tdrv_init_one_mla_phase2                Initialized vcore: 5
2026-Jul-02 23:05:17.745130 240915:240915  INFO  TDRV:ucode_print_hash                        SEQ UCODE IMGs from ucode lib - ENG: pe, iram md5hash: 0xa09af37658b916de7ca91e08c513367d, dram md5hash: 0x64ece29664b8d28c597162ed9f5a07d1
2026-Jul-02 23:05:17.745275 240915:240915  INFO  TDRV:ucode_print_hash                        SEQ UCODE IMGs from ucode lib - ENG: act, iram md5hash: 0x6fd03fc17d631b5b41beeea7c74110b9, dram md5hash: 0xf1d8d02216b4f4fdd31dcfb380a0c08a
2026-Jul-02 23:05:17.745431 240915:240915  INFO  TDRV:ucode_print_hash                        SEQ UCODE IMGs from ucode lib - ENG: pool, iram md5hash: 0x0dec91409be9b137bc5dce1a8c3cde80, dram md5hash: 0xe2478c83875b2cea6a6d2f69e48d90f3
2026-Jul-02 23:05:17.745575 240915:240915  INFO  TDRV:ucode_print_hash                        SEQ UCODE IMGs from ucode lib - ENG: dve, iram md5hash: 0x13aaf7e60a6d939e280cb09623ab7a35, dram md5hash: 0x1ea843a78cc1f76383ed6b372d029214
2026-Jul-02 23:05:17.745731 240915:240915  INFO  TDRV:ucode_print_hash                        SEQ UCODE IMGs from ucode lib - ENG: sp, iram md5hash: 0x97c685359099aa52298e8bb2fc463db2, dram md5hash: 0x1ae53218b284a7f46f99ac4d95443e2f
2026-Jul-02 23:05:17.745937 240915:240915  INFO  TDRV:ucode_print_hash                        SEQ UCODE IMGs from ucode lib - ENG: Q7, iram md5hash: 0xfa068885577109761d814f0966d3b776, dram md5hash: 0xcd426140bedbc9176466d7ad763ecec7
2026-Jul-02 23:05:17.748296 240915:240915  INFO  TDRV:ucode_print_hash                        SEQ UCODE IMGs from ucode lib - ENG: pe, iram md5hash: 0xa09af37658b916de7ca91e08c513367d, dram md5hash: 0x64ece29664b8d28c597162ed9f5a07d1
2026-Jul-02 23:05:17.748431 240915:240915  INFO  TDRV:ucode_print_hash                        SEQ UCODE IMGs from ucode lib - ENG: act, iram md5hash: 0x6fd03fc17d631b5b41beeea7c74110b9, dram md5hash: 0xf1d8d02216b4f4fdd31dcfb380a0c08a
2026-Jul-02 23:05:17.748586 240915:240915  INFO  TDRV:ucode_print_hash                        SEQ UCODE IMGs from ucode lib - ENG: pool, iram md5hash: 0x0dec91409be9b137bc5dce1a8c3cde80, dram md5hash: 0xe2478c83875b2cea6a6d2f69e48d90f3
2026-Jul-02 23:05:17.748730 240915:240915  INFO  TDRV:ucode_print_hash                        SEQ UCODE IMGs from ucode lib - ENG: dve, iram md5hash: 0x13aaf7e60a6d939e280cb09623ab7a35, dram md5hash: 0x1ea843a78cc1f76383ed6b372d029214
2026-Jul-02 23:05:17.748885 240915:240915  INFO  TDRV:ucode_print_hash                        SEQ UCODE IMGs from ucode lib - ENG: sp, iram md5hash: 0x97c685359099aa52298e8bb2fc463db2, dram md5hash: 0x1ae53218b284a7f46f99ac4d95443e2f
2026-Jul-02 23:05:17.749091 240915:240915  INFO  TDRV:ucode_print_hash                        SEQ UCODE IMGs from ucode lib - ENG: Q7, iram md5hash: 0xfa068885577109761d814f0966d3b776, dram md5hash: 0xcd426140bedbc9176466d7ad763ecec7
2026-Jul-02 23:05:17.760665 240915:240915  INFO  TDRV:tdrv_init_one_mla_phase2                Initialized vcore: 6
2026-Jul-02 23:05:17.765722 240915:240915  INFO  TDRV:ucode_print_hash                        SEQ UCODE IMGs from ucode lib - ENG: pe, iram md5hash: 0xa09af37658b916de7ca91e08c513367d, dram md5hash: 0x64ece29664b8d28c597162ed9f5a07d1
2026-Jul-02 23:05:17.765856 240915:240915  INFO  TDRV:ucode_print_hash                        SEQ UCODE IMGs from ucode lib - ENG: act, iram md5hash: 0x6fd03fc17d631b5b41beeea7c74110b9, dram md5hash: 0xf1d8d02216b4f4fdd31dcfb380a0c08a
2026-Jul-02 23:05:17.766012 240915:240915  INFO  TDRV:ucode_print_hash                        SEQ UCODE IMGs from ucode lib - ENG: pool, iram md5hash: 0x0dec91409be9b137bc5dce1a8c3cde80, dram md5hash: 0xe2478c83875b2cea6a6d2f69e48d90f3
2026-Jul-02 23:05:17.766171 240915:240915  INFO  TDRV:ucode_print_hash                        SEQ UCODE IMGs from ucode lib - ENG: dve, iram md5hash: 0x13aaf7e60a6d939e280cb09623ab7a35, dram md5hash: 0x1ea843a78cc1f76383ed6b372d029214
2026-Jul-02 23:05:17.766328 240915:240915  INFO  TDRV:ucode_print_hash                        SEQ UCODE IMGs from ucode lib - ENG: sp, iram md5hash: 0x97c685359099aa52298e8bb2fc463db2, dram md5hash: 0x1ae53218b284a7f46f99ac4d95443e2f
2026-Jul-02 23:05:17.766534 240915:240915  INFO  TDRV:ucode_print_hash                        SEQ UCODE IMGs from ucode lib - ENG: Q7, iram md5hash: 0xfa068885577109761d814f0966d3b776, dram md5hash: 0xcd426140bedbc9176466d7ad763ecec7
2026-Jul-02 23:05:17.768857 240915:240915  INFO  TDRV:ucode_print_hash                        SEQ UCODE IMGs from ucode lib - ENG: pe, iram md5hash: 0xa09af37658b916de7ca91e08c513367d, dram md5hash: 0x64ece29664b8d28c597162ed9f5a07d1
2026-Jul-02 23:05:17.768991 240915:240915  INFO  TDRV:ucode_print_hash                        SEQ UCODE IMGs from ucode lib - ENG: act, iram md5hash: 0x6fd03fc17d631b5b41beeea7c74110b9, dram md5hash: 0xf1d8d02216b4f4fdd31dcfb380a0c08a
2026-Jul-02 23:05:17.769160 240915:240915  INFO  TDRV:ucode_print_hash                        SEQ UCODE IMGs from ucode lib - ENG: pool, iram md5hash: 0x0dec91409be9b137bc5dce1a8c3cde80, dram md5hash: 0xe2478c83875b2cea6a6d2f69e48d90f3
2026-Jul-02 23:05:17.769305 240915:240915  INFO  TDRV:ucode_print_hash                        SEQ UCODE IMGs from ucode lib - ENG: dve, iram md5hash: 0x13aaf7e60a6d939e280cb09623ab7a35, dram md5hash: 0x1ea843a78cc1f76383ed6b372d029214
2026-Jul-02 23:05:17.769461 240915:240915  INFO  TDRV:ucode_print_hash                        SEQ UCODE IMGs from ucode lib - ENG: sp, iram md5hash: 0x97c685359099aa52298e8bb2fc463db2, dram md5hash: 0x1ae53218b284a7f46f99ac4d95443e2f
2026-Jul-02 23:05:17.769667 240915:240915  INFO  TDRV:ucode_print_hash                        SEQ UCODE IMGs from ucode lib - ENG: Q7, iram md5hash: 0xfa068885577109761d814f0966d3b776, dram md5hash: 0xcd426140bedbc9176466d7ad763ecec7
2026-Jul-02 23:05:17.781067 240915:240915  INFO  TDRV:tdrv_init_one_mla_phase2                Initialized vcore: 7
2026-Jul-02 23:05:17.786895 240915:240915  INFO  TDRV:ucode_print_hash                        SEQ UCODE IMGs from ucode lib - ENG: pe, iram md5hash: 0xa09af37658b916de7ca91e08c513367d, dram md5hash: 0x64ece29664b8d28c597162ed9f5a07d1
2026-Jul-02 23:05:17.787029 240915:240915  INFO  TDRV:ucode_print_hash                        SEQ UCODE IMGs from ucode lib - ENG: act, iram md5hash: 0x6fd03fc17d631b5b41beeea7c74110b9, dram md5hash: 0xf1d8d02216b4f4fdd31dcfb380a0c08a
2026-Jul-02 23:05:17.787196 240915:240915  INFO  TDRV:ucode_print_hash                        SEQ UCODE IMGs from ucode lib - ENG: pool, iram md5hash: 0x0dec91409be9b137bc5dce1a8c3cde80, dram md5hash: 0xe2478c83875b2cea6a6d2f69e48d90f3
2026-Jul-02 23:05:17.787340 240915:240915  INFO  TDRV:ucode_print_hash                        SEQ UCODE IMGs from ucode lib - ENG: dve, iram md5hash: 0x13aaf7e60a6d939e280cb09623ab7a35, dram md5hash: 0x1ea843a78cc1f76383ed6b372d029214
2026-Jul-02 23:05:17.787496 240915:240915  INFO  TDRV:ucode_print_hash                        SEQ UCODE IMGs from ucode lib - ENG: sp, iram md5hash: 0x97c685359099aa52298e8bb2fc463db2, dram md5hash: 0x1ae53218b284a7f46f99ac4d95443e2f
2026-Jul-02 23:05:17.787702 240915:240915  INFO  TDRV:ucode_print_hash                        SEQ UCODE IMGs from ucode lib - ENG: Q7, iram md5hash: 0xfa068885577109761d814f0966d3b776, dram md5hash: 0xcd426140bedbc9176466d7ad763ecec7
2026-Jul-02 23:05:17.790050 240915:240915  INFO  TDRV:ucode_print_hash                        SEQ UCODE IMGs from ucode lib - ENG: pe, iram md5hash: 0xa09af37658b916de7ca91e08c513367d, dram md5hash: 0x64ece29664b8d28c597162ed9f5a07d1
2026-Jul-02 23:05:17.790199 240915:240915  INFO  TDRV:ucode_print_hash                        SEQ UCODE IMGs from ucode lib - ENG: act, iram md5hash: 0x6fd03fc17d631b5b41beeea7c74110b9, dram md5hash: 0xf1d8d02216b4f4fdd31dcfb380a0c08a
2026-Jul-02 23:05:17.790358 240915:240915  INFO  TDRV:ucode_print_hash                        SEQ UCODE IMGs from ucode lib - ENG: pool, iram md5hash: 0x0dec91409be9b137bc5dce1a8c3cde80, dram md5hash: 0xe2478c83875b2cea6a6d2f69e48d90f3
2026-Jul-02 23:05:17.790502 240915:240915  INFO  TDRV:ucode_print_hash                        SEQ UCODE IMGs from ucode lib - ENG: dve, iram md5hash: 0x13aaf7e60a6d939e280cb09623ab7a35, dram md5hash: 0x1ea843a78cc1f76383ed6b372d029214
2026-Jul-02 23:05:17.790657 240915:240915  INFO  TDRV:ucode_print_hash                        SEQ UCODE IMGs from ucode lib - ENG: sp, iram md5hash: 0x97c685359099aa52298e8bb2fc463db2, dram md5hash: 0x1ae53218b284a7f46f99ac4d95443e2f
2026-Jul-02 23:05:17.790863 240915:240915  INFO  TDRV:ucode_print_hash                        SEQ UCODE IMGs from ucode lib - ENG: Q7, iram md5hash: 0xfa068885577109761d814f0966d3b776, dram md5hash: 0xcd426140bedbc9176466d7ad763ecec7
2026-Jul-02 23:05:17.802583 240915:240915  INFO  TDRV:tdrv_init_one_mla_phase2                Initialized vcore: 8
2026-Jul-02 23:05:17.807619 240915:240915  INFO  TDRV:ucode_print_hash                        SEQ UCODE IMGs from ucode lib - ENG: pe, iram md5hash: 0xa09af37658b916de7ca91e08c513367d, dram md5hash: 0x64ece29664b8d28c597162ed9f5a07d1
2026-Jul-02 23:05:17.807753 240915:240915  INFO  TDRV:ucode_print_hash                        SEQ UCODE IMGs from ucode lib - ENG: act, iram md5hash: 0x6fd03fc17d631b5b41beeea7c74110b9, dram md5hash: 0xf1d8d02216b4f4fdd31dcfb380a0c08a
2026-Jul-02 23:05:17.807936 240915:240915  INFO  TDRV:ucode_print_hash                        SEQ UCODE IMGs from ucode lib - ENG: pool, iram md5hash: 0x0dec91409be9b137bc5dce1a8c3cde80, dram md5hash: 0xe2478c83875b2cea6a6d2f69e48d90f3
2026-Jul-02 23:05:17.808099 240915:240915  INFO  TDRV:ucode_print_hash                        SEQ UCODE IMGs from ucode lib - ENG: dve, iram md5hash: 0x13aaf7e60a6d939e280cb09623ab7a35, dram md5hash: 0x1ea843a78cc1f76383ed6b372d029214
2026-Jul-02 23:05:17.808304 240915:240915  INFO  TDRV:ucode_print_hash                        SEQ UCODE IMGs from ucode lib - ENG: sp, iram md5hash: 0x97c685359099aa52298e8bb2fc463db2, dram md5hash: 0x1ae53218b284a7f46f99ac4d95443e2f
2026-Jul-02 23:05:17.808515 240915:240915  INFO  TDRV:ucode_print_hash                        SEQ UCODE IMGs from ucode lib - ENG: Q7, iram md5hash: 0xfa068885577109761d814f0966d3b776, dram md5hash: 0xcd426140bedbc9176466d7ad763ecec7
2026-Jul-02 23:05:17.810922 240915:240915  INFO  TDRV:ucode_print_hash                        SEQ UCODE IMGs from ucode lib - ENG: pe, iram md5hash: 0xa09af37658b916de7ca91e08c513367d, dram md5hash: 0x64ece29664b8d28c597162ed9f5a07d1
2026-Jul-02 23:05:17.811056 240915:240915  INFO  TDRV:ucode_print_hash                        SEQ UCODE IMGs from ucode lib - ENG: act, iram md5hash: 0x6fd03fc17d631b5b41beeea7c74110b9, dram md5hash: 0xf1d8d02216b4f4fdd31dcfb380a0c08a
2026-Jul-02 23:05:17.811224 240915:240915  INFO  TDRV:ucode_print_hash                        SEQ UCODE IMGs from ucode lib - ENG: pool, iram md5hash: 0x0dec91409be9b137bc5dce1a8c3cde80, dram md5hash: 0xe2478c83875b2cea6a6d2f69e48d90f3
2026-Jul-02 23:05:17.811369 240915:240915  INFO  TDRV:ucode_print_hash                        SEQ UCODE IMGs from ucode lib - ENG: dve, iram md5hash: 0x13aaf7e60a6d939e280cb09623ab7a35, dram md5hash: 0x1ea843a78cc1f76383ed6b372d029214
2026-Jul-02 23:05:17.811525 240915:240915  INFO  TDRV:ucode_print_hash                        SEQ UCODE IMGs from ucode lib - ENG: sp, iram md5hash: 0x97c685359099aa52298e8bb2fc463db2, dram md5hash: 0x1ae53218b284a7f46f99ac4d95443e2f
2026-Jul-02 23:05:17.811730 240915:240915  INFO  TDRV:ucode_print_hash                        SEQ UCODE IMGs from ucode lib - ENG: Q7, iram md5hash: 0xfa068885577109761d814f0966d3b776, dram md5hash: 0xcd426140bedbc9176466d7ad763ecec7
2026-Jul-02 23:05:17.823335 240915:240915  INFO  TDRV:tdrv_init_one_mla_phase2                Initialized vcore: 9
2026-Jul-02 23:05:17.826601 240915:240915  INFO  TDRV:ucode_print_hash                        SEQ UCODE IMGs from ucode lib - ENG: pe, iram md5hash: 0xa09af37658b916de7ca91e08c513367d, dram md5hash: 0x64ece29664b8d28c597162ed9f5a07d1
2026-Jul-02 23:05:17.826739 240915:240915  INFO  TDRV:ucode_print_hash                        SEQ UCODE IMGs from ucode lib - ENG: act, iram md5hash: 0x6fd03fc17d631b5b41beeea7c74110b9, dram md5hash: 0xf1d8d02216b4f4fdd31dcfb380a0c08a
2026-Jul-02 23:05:17.826894 240915:240915  INFO  TDRV:ucode_print_hash                        SEQ UCODE IMGs from ucode lib - ENG: pool, iram md5hash: 0x0dec91409be9b137bc5dce1a8c3cde80, dram md5hash: 0xe2478c83875b2cea6a6d2f69e48d90f3
2026-Jul-02 23:05:17.827037 240915:240915  INFO  TDRV:ucode_print_hash                        SEQ UCODE IMGs from ucode lib - ENG: dve, iram md5hash: 0x13aaf7e60a6d939e280cb09623ab7a35, dram md5hash: 0x1ea843a78cc1f76383ed6b372d029214
2026-Jul-02 23:05:17.827204 240915:240915  INFO  TDRV:ucode_print_hash                        SEQ UCODE IMGs from ucode lib - ENG: sp, iram md5hash: 0x97c685359099aa52298e8bb2fc463db2, dram md5hash: 0x1ae53218b284a7f46f99ac4d95443e2f
2026-Jul-02 23:05:17.827410 240915:240915  INFO  TDRV:ucode_print_hash                        SEQ UCODE IMGs from ucode lib - ENG: Q7, iram md5hash: 0xfa068885577109761d814f0966d3b776, dram md5hash: 0xcd426140bedbc9176466d7ad763ecec7
2026-Jul-02 23:05:17.829641 240915:240915  INFO  TDRV:ucode_print_hash                        SEQ UCODE IMGs from ucode lib - ENG: pe, iram md5hash: 0xa09af37658b916de7ca91e08c513367d, dram md5hash: 0x64ece29664b8d28c597162ed9f5a07d1
2026-Jul-02 23:05:17.829775 240915:240915  INFO  TDRV:ucode_print_hash                        SEQ UCODE IMGs from ucode lib - ENG: act, iram md5hash: 0x6fd03fc17d631b5b41beeea7c74110b9, dram md5hash: 0xf1d8d02216b4f4fdd31dcfb380a0c08a
2026-Jul-02 23:05:17.829930 240915:240915  INFO  TDRV:ucode_print_hash                        SEQ UCODE IMGs from ucode lib - ENG: pool, iram md5hash: 0x0dec91409be9b137bc5dce1a8c3cde80, dram md5hash: 0xe2478c83875b2cea6a6d2f69e48d90f3
2026-Jul-02 23:05:17.830074 240915:240915  INFO  TDRV:ucode_print_hash                        SEQ UCODE IMGs from ucode lib - ENG: dve, iram md5hash: 0x13aaf7e60a6d939e280cb09623ab7a35, dram md5hash: 0x1ea843a78cc1f76383ed6b372d029214
2026-Jul-02 23:05:17.830243 240915:240915  INFO  TDRV:ucode_print_hash                        SEQ UCODE IMGs from ucode lib - ENG: sp, iram md5hash: 0x97c685359099aa52298e8bb2fc463db2, dram md5hash: 0x1ae53218b284a7f46f99ac4d95443e2f
2026-Jul-02 23:05:17.830450 240915:240915  INFO  TDRV:ucode_print_hash                        SEQ UCODE IMGs from ucode lib - ENG: Q7, iram md5hash: 0xfa068885577109761d814f0966d3b776, dram md5hash: 0xcd426140bedbc9176466d7ad763ecec7
2026-Jul-02 23:05:17.840730 240915:240915  INFO  TDRV:tdrv_init_one_mla_phase2                Initialized vcore: 10
2026-Jul-02 23:05:17.843203 240915:240915  INFO  TDRV:ucode_print_hash                        SEQ UCODE IMGs from ucode lib - ENG: pe, iram md5hash: 0xa09af37658b916de7ca91e08c513367d, dram md5hash: 0x64ece29664b8d28c597162ed9f5a07d1
2026-Jul-02 23:05:17.843338 240915:240915  INFO  TDRV:ucode_print_hash                        SEQ UCODE IMGs from ucode lib - ENG: act, iram md5hash: 0x6fd03fc17d631b5b41beeea7c74110b9, dram md5hash: 0xf1d8d02216b4f4fdd31dcfb380a0c08a
2026-Jul-02 23:05:17.843492 240915:240915  INFO  TDRV:ucode_print_hash                        SEQ UCODE IMGs from ucode lib - ENG: pool, iram md5hash: 0x0dec91409be9b137bc5dce1a8c3cde80, dram md5hash: 0xe2478c83875b2cea6a6d2f69e48d90f3
2026-Jul-02 23:05:17.843636 240915:240915  INFO  TDRV:ucode_print_hash                        SEQ UCODE IMGs from ucode lib - ENG: dve, iram md5hash: 0x13aaf7e60a6d939e280cb09623ab7a35, dram md5hash: 0x1ea843a78cc1f76383ed6b372d029214
2026-Jul-02 23:05:17.843794 240915:240915  INFO  TDRV:ucode_print_hash                        SEQ UCODE IMGs from ucode lib - ENG: sp, iram md5hash: 0x97c685359099aa52298e8bb2fc463db2, dram md5hash: 0x1ae53218b284a7f46f99ac4d95443e2f
2026-Jul-02 23:05:17.844044 240915:240915  INFO  TDRV:ucode_print_hash                        SEQ UCODE IMGs from ucode lib - ENG: Q7, iram md5hash: 0xfa068885577109761d814f0966d3b776, dram md5hash: 0xcd426140bedbc9176466d7ad763ecec7
2026-Jul-02 23:05:17.846333 240915:240915  INFO  TDRV:ucode_print_hash                        SEQ UCODE IMGs from ucode lib - ENG: pe, iram md5hash: 0xa09af37658b916de7ca91e08c513367d, dram md5hash: 0x64ece29664b8d28c597162ed9f5a07d1
2026-Jul-02 23:05:17.846468 240915:240915  INFO  TDRV:ucode_print_hash                        SEQ UCODE IMGs from ucode lib - ENG: act, iram md5hash: 0x6fd03fc17d631b5b41beeea7c74110b9, dram md5hash: 0xf1d8d02216b4f4fdd31dcfb380a0c08a
2026-Jul-02 23:05:17.846623 240915:240915  INFO  TDRV:ucode_print_hash                        SEQ UCODE IMGs from ucode lib - ENG: pool, iram md5hash: 0x0dec91409be9b137bc5dce1a8c3cde80, dram md5hash: 0xe2478c83875b2cea6a6d2f69e48d90f3
2026-Jul-02 23:05:17.846766 240915:240915  INFO  TDRV:ucode_print_hash                        SEQ UCODE IMGs from ucode lib - ENG: dve, iram md5hash: 0x13aaf7e60a6d939e280cb09623ab7a35, dram md5hash: 0x1ea843a78cc1f76383ed6b372d029214
2026-Jul-02 23:05:17.846922 240915:240915  INFO  TDRV:ucode_print_hash                        SEQ UCODE IMGs from ucode lib - ENG: sp, iram md5hash: 0x97c685359099aa52298e8bb2fc463db2, dram md5hash: 0x1ae53218b284a7f46f99ac4d95443e2f
2026-Jul-02 23:05:17.847127 240915:240915  INFO  TDRV:ucode_print_hash                        SEQ UCODE IMGs from ucode lib - ENG: Q7, iram md5hash: 0xfa068885577109761d814f0966d3b776, dram md5hash: 0xcd426140bedbc9176466d7ad763ecec7
2026-Jul-02 23:05:17.857584 240915:240915  INFO  TDRV:tdrv_init_one_mla_phase2                Initialized vcore: 11
2026-Jul-02 23:05:17.860819 240915:240915  INFO  TDRV:ucode_print_hash                        SEQ UCODE IMGs from ucode lib - ENG: pe, iram md5hash: 0xa09af37658b916de7ca91e08c513367d, dram md5hash: 0x64ece29664b8d28c597162ed9f5a07d1
2026-Jul-02 23:05:17.860953 240915:240915  INFO  TDRV:ucode_print_hash                        SEQ UCODE IMGs from ucode lib - ENG: act, iram md5hash: 0x6fd03fc17d631b5b41beeea7c74110b9, dram md5hash: 0xf1d8d02216b4f4fdd31dcfb380a0c08a
2026-Jul-02 23:05:17.861108 240915:240915  INFO  TDRV:ucode_print_hash                        SEQ UCODE IMGs from ucode lib - ENG: pool, iram md5hash: 0x0dec91409be9b137bc5dce1a8c3cde80, dram md5hash: 0xe2478c83875b2cea6a6d2f69e48d90f3
2026-Jul-02 23:05:17.861263 240915:240915  INFO  TDRV:ucode_print_hash                        SEQ UCODE IMGs from ucode lib - ENG: dve, iram md5hash: 0x13aaf7e60a6d939e280cb09623ab7a35, dram md5hash: 0x1ea843a78cc1f76383ed6b372d029214
2026-Jul-02 23:05:17.861420 240915:240915  INFO  TDRV:ucode_print_hash                        SEQ UCODE IMGs from ucode lib - ENG: sp, iram md5hash: 0x97c685359099aa52298e8bb2fc463db2, dram md5hash: 0x1ae53218b284a7f46f99ac4d95443e2f
2026-Jul-02 23:05:17.861626 240915:240915  INFO  TDRV:ucode_print_hash                        SEQ UCODE IMGs from ucode lib - ENG: Q7, iram md5hash: 0xfa068885577109761d814f0966d3b776, dram md5hash: 0xcd426140bedbc9176466d7ad763ecec7
2026-Jul-02 23:05:17.863835 240915:240915  INFO  TDRV:ucode_print_hash                        SEQ UCODE IMGs from ucode lib - ENG: pe, iram md5hash: 0xa09af37658b916de7ca91e08c513367d, dram md5hash: 0x64ece29664b8d28c597162ed9f5a07d1
2026-Jul-02 23:05:17.863984 240915:240915  INFO  TDRV:ucode_print_hash                        SEQ UCODE IMGs from ucode lib - ENG: act, iram md5hash: 0x6fd03fc17d631b5b41beeea7c74110b9, dram md5hash: 0xf1d8d02216b4f4fdd31dcfb380a0c08a
2026-Jul-02 23:05:17.864166 240915:240915  INFO  TDRV:ucode_print_hash                        SEQ UCODE IMGs from ucode lib - ENG: pool, iram md5hash: 0x0dec91409be9b137bc5dce1a8c3cde80, dram md5hash: 0xe2478c83875b2cea6a6d2f69e48d90f3
2026-Jul-02 23:05:17.864337 240915:240915  INFO  TDRV:ucode_print_hash                        SEQ UCODE IMGs from ucode lib - ENG: dve, iram md5hash: 0x13aaf7e60a6d939e280cb09623ab7a35, dram md5hash: 0x1ea843a78cc1f76383ed6b372d029214
2026-Jul-02 23:05:17.864502 240915:240915  INFO  TDRV:ucode_print_hash                        SEQ UCODE IMGs from ucode lib - ENG: sp, iram md5hash: 0x97c685359099aa52298e8bb2fc463db2, dram md5hash: 0x1ae53218b284a7f46f99ac4d95443e2f
2026-Jul-02 23:05:17.864708 240915:240915  INFO  TDRV:ucode_print_hash                        SEQ UCODE IMGs from ucode lib - ENG: Q7, iram md5hash: 0xfa068885577109761d814f0966d3b776, dram md5hash: 0xcd426140bedbc9176466d7ad763ecec7
2026-Jul-02 23:05:17.875073 240915:240915  INFO  TDRV:tdrv_init_one_mla_phase2                Initialized vcore: 12
2026-Jul-02 23:05:17.877508 240915:240915  INFO  TDRV:ucode_print_hash                        SEQ UCODE IMGs from ucode lib - ENG: pe, iram md5hash: 0xa09af37658b916de7ca91e08c513367d, dram md5hash: 0x64ece29664b8d28c597162ed9f5a07d1
2026-Jul-02 23:05:17.877642 240915:240915  INFO  TDRV:ucode_print_hash                        SEQ UCODE IMGs from ucode lib - ENG: act, iram md5hash: 0x6fd03fc17d631b5b41beeea7c74110b9, dram md5hash: 0xf1d8d02216b4f4fdd31dcfb380a0c08a
2026-Jul-02 23:05:17.877796 240915:240915  INFO  TDRV:ucode_print_hash                        SEQ UCODE IMGs from ucode lib - ENG: pool, iram md5hash: 0x0dec91409be9b137bc5dce1a8c3cde80, dram md5hash: 0xe2478c83875b2cea6a6d2f69e48d90f3
2026-Jul-02 23:05:17.877940 240915:240915  INFO  TDRV:ucode_print_hash                        SEQ UCODE IMGs from ucode lib - ENG: dve, iram md5hash: 0x13aaf7e60a6d939e280cb09623ab7a35, dram md5hash: 0x1ea843a78cc1f76383ed6b372d029214
2026-Jul-02 23:05:17.878096 240915:240915  INFO  TDRV:ucode_print_hash                        SEQ UCODE IMGs from ucode lib - ENG: sp, iram md5hash: 0x97c685359099aa52298e8bb2fc463db2, dram md5hash: 0x1ae53218b284a7f46f99ac4d95443e2f
2026-Jul-02 23:05:17.878312 240915:240915  INFO  TDRV:ucode_print_hash                        SEQ UCODE IMGs from ucode lib - ENG: Q7, iram md5hash: 0xfa068885577109761d814f0966d3b776, dram md5hash: 0xcd426140bedbc9176466d7ad763ecec7
2026-Jul-02 23:05:17.880575 240915:240915  INFO  TDRV:ucode_print_hash                        SEQ UCODE IMGs from ucode lib - ENG: pe, iram md5hash: 0xa09af37658b916de7ca91e08c513367d, dram md5hash: 0x64ece29664b8d28c597162ed9f5a07d1
2026-Jul-02 23:05:17.880710 240915:240915  INFO  TDRV:ucode_print_hash                        SEQ UCODE IMGs from ucode lib - ENG: act, iram md5hash: 0x6fd03fc17d631b5b41beeea7c74110b9, dram md5hash: 0xf1d8d02216b4f4fdd31dcfb380a0c08a
2026-Jul-02 23:05:17.880864 240915:240915  INFO  TDRV:ucode_print_hash                        SEQ UCODE IMGs from ucode lib - ENG: pool, iram md5hash: 0x0dec91409be9b137bc5dce1a8c3cde80, dram md5hash: 0xe2478c83875b2cea6a6d2f69e48d90f3
2026-Jul-02 23:05:17.881007 240915:240915  INFO  TDRV:ucode_print_hash                        SEQ UCODE IMGs from ucode lib - ENG: dve, iram md5hash: 0x13aaf7e60a6d939e280cb09623ab7a35, dram md5hash: 0x1ea843a78cc1f76383ed6b372d029214
2026-Jul-02 23:05:17.881177 240915:240915  INFO  TDRV:ucode_print_hash                        SEQ UCODE IMGs from ucode lib - ENG: sp, iram md5hash: 0x97c685359099aa52298e8bb2fc463db2, dram md5hash: 0x1ae53218b284a7f46f99ac4d95443e2f
2026-Jul-02 23:05:17.881383 240915:240915  INFO  TDRV:ucode_print_hash                        SEQ UCODE IMGs from ucode lib - ENG: Q7, iram md5hash: 0xfa068885577109761d814f0966d3b776, dram md5hash: 0xcd426140bedbc9176466d7ad763ecec7
2026-Jul-02 23:05:17.892127 240915:240915  INFO  TDRV:tdrv_init_one_mla_phase2                Initialized vcore: 13
2026-Jul-02 23:05:17.897960 240915:240915  INFO  TDRV:ucode_print_hash                        SEQ UCODE IMGs from ucode lib - ENG: pe, iram md5hash: 0xa09af37658b916de7ca91e08c513367d, dram md5hash: 0x64ece29664b8d28c597162ed9f5a07d1
2026-Jul-02 23:05:17.898094 240915:240915  INFO  TDRV:ucode_print_hash                        SEQ UCODE IMGs from ucode lib - ENG: act, iram md5hash: 0x6fd03fc17d631b5b41beeea7c74110b9, dram md5hash: 0xf1d8d02216b4f4fdd31dcfb380a0c08a
2026-Jul-02 23:05:17.898261 240915:240915  INFO  TDRV:ucode_print_hash                        SEQ UCODE IMGs from ucode lib - ENG: pool, iram md5hash: 0x0dec91409be9b137bc5dce1a8c3cde80, dram md5hash: 0xe2478c83875b2cea6a6d2f69e48d90f3
2026-Jul-02 23:05:17.898410 240915:240915  INFO  TDRV:ucode_print_hash                        SEQ UCODE IMGs from ucode lib - ENG: dve, iram md5hash: 0x13aaf7e60a6d939e280cb09623ab7a35, dram md5hash: 0x1ea843a78cc1f76383ed6b372d029214
2026-Jul-02 23:05:17.898566 240915:240915  INFO  TDRV:ucode_print_hash                        SEQ UCODE IMGs from ucode lib - ENG: sp, iram md5hash: 0x97c685359099aa52298e8bb2fc463db2, dram md5hash: 0x1ae53218b284a7f46f99ac4d95443e2f
2026-Jul-02 23:05:17.898771 240915:240915  INFO  TDRV:ucode_print_hash                        SEQ UCODE IMGs from ucode lib - ENG: Q7, iram md5hash: 0xfa068885577109761d814f0966d3b776, dram md5hash: 0xcd426140bedbc9176466d7ad763ecec7
2026-Jul-02 23:05:17.901120 240915:240915  INFO  TDRV:ucode_print_hash                        SEQ UCODE IMGs from ucode lib - ENG: pe, iram md5hash: 0xa09af37658b916de7ca91e08c513367d, dram md5hash: 0x64ece29664b8d28c597162ed9f5a07d1
2026-Jul-02 23:05:17.901269 240915:240915  INFO  TDRV:ucode_print_hash                        SEQ UCODE IMGs from ucode lib - ENG: act, iram md5hash: 0x6fd03fc17d631b5b41beeea7c74110b9, dram md5hash: 0xf1d8d02216b4f4fdd31dcfb380a0c08a
2026-Jul-02 23:05:17.901425 240915:240915  INFO  TDRV:ucode_print_hash                        SEQ UCODE IMGs from ucode lib - ENG: pool, iram md5hash: 0x0dec91409be9b137bc5dce1a8c3cde80, dram md5hash: 0xe2478c83875b2cea6a6d2f69e48d90f3
2026-Jul-02 23:05:17.901569 240915:240915  INFO  TDRV:ucode_print_hash                        SEQ UCODE IMGs from ucode lib - ENG: dve, iram md5hash: 0x13aaf7e60a6d939e280cb09623ab7a35, dram md5hash: 0x1ea843a78cc1f76383ed6b372d029214
2026-Jul-02 23:05:17.901725 240915:240915  INFO  TDRV:ucode_print_hash                        SEQ UCODE IMGs from ucode lib - ENG: sp, iram md5hash: 0x97c685359099aa52298e8bb2fc463db2, dram md5hash: 0x1ae53218b284a7f46f99ac4d95443e2f
2026-Jul-02 23:05:17.901931 240915:240915  INFO  TDRV:ucode_print_hash                        SEQ UCODE IMGs from ucode lib - ENG: Q7, iram md5hash: 0xfa068885577109761d814f0966d3b776, dram md5hash: 0xcd426140bedbc9176466d7ad763ecec7
2026-Jul-02 23:05:17.913668 240915:240915  INFO  TDRV:tdrv_init_one_mla_phase2                Initialized vcore: 14
2026-Jul-02 23:05:17.918712 240915:240915  INFO  TDRV:ucode_print_hash                        SEQ UCODE IMGs from ucode lib - ENG: pe, iram md5hash: 0xa09af37658b916de7ca91e08c513367d, dram md5hash: 0x64ece29664b8d28c597162ed9f5a07d1
2026-Jul-02 23:05:17.918846 240915:240915  INFO  TDRV:ucode_print_hash                        SEQ UCODE IMGs from ucode lib - ENG: act, iram md5hash: 0x6fd03fc17d631b5b41beeea7c74110b9, dram md5hash: 0xf1d8d02216b4f4fdd31dcfb380a0c08a
2026-Jul-02 23:05:17.919001 240915:240915  INFO  TDRV:ucode_print_hash                        SEQ UCODE IMGs from ucode lib - ENG: pool, iram md5hash: 0x0dec91409be9b137bc5dce1a8c3cde80, dram md5hash: 0xe2478c83875b2cea6a6d2f69e48d90f3
2026-Jul-02 23:05:17.919144 240915:240915  INFO  TDRV:ucode_print_hash                        SEQ UCODE IMGs from ucode lib - ENG: dve, iram md5hash: 0x13aaf7e60a6d939e280cb09623ab7a35, dram md5hash: 0x1ea843a78cc1f76383ed6b372d029214
2026-Jul-02 23:05:17.919311 240915:240915  INFO  TDRV:ucode_print_hash                        SEQ UCODE IMGs from ucode lib - ENG: sp, iram md5hash: 0x97c685359099aa52298e8bb2fc463db2, dram md5hash: 0x1ae53218b284a7f46f99ac4d95443e2f
2026-Jul-02 23:05:17.919518 240915:240915  INFO  TDRV:ucode_print_hash                        SEQ UCODE IMGs from ucode lib - ENG: Q7, iram md5hash: 0xfa068885577109761d814f0966d3b776, dram md5hash: 0xcd426140bedbc9176466d7ad763ecec7
2026-Jul-02 23:05:17.921895 240915:240915  INFO  TDRV:ucode_print_hash                        SEQ UCODE IMGs from ucode lib - ENG: pe, iram md5hash: 0xa09af37658b916de7ca91e08c513367d, dram md5hash: 0x64ece29664b8d28c597162ed9f5a07d1
2026-Jul-02 23:05:17.922029 240915:240915  INFO  TDRV:ucode_print_hash                        SEQ UCODE IMGs from ucode lib - ENG: act, iram md5hash: 0x6fd03fc17d631b5b41beeea7c74110b9, dram md5hash: 0xf1d8d02216b4f4fdd31dcfb380a0c08a
2026-Jul-02 23:05:17.922203 240915:240915  INFO  TDRV:ucode_print_hash                        SEQ UCODE IMGs from ucode lib - ENG: pool, iram md5hash: 0x0dec91409be9b137bc5dce1a8c3cde80, dram md5hash: 0xe2478c83875b2cea6a6d2f69e48d90f3
2026-Jul-02 23:05:17.922348 240915:240915  INFO  TDRV:ucode_print_hash                        SEQ UCODE IMGs from ucode lib - ENG: dve, iram md5hash: 0x13aaf7e60a6d939e280cb09623ab7a35, dram md5hash: 0x1ea843a78cc1f76383ed6b372d029214
2026-Jul-02 23:05:17.922504 240915:240915  INFO  TDRV:ucode_print_hash                        SEQ UCODE IMGs from ucode lib - ENG: sp, iram md5hash: 0x97c685359099aa52298e8bb2fc463db2, dram md5hash: 0x1ae53218b284a7f46f99ac4d95443e2f
2026-Jul-02 23:05:17.922710 240915:240915  INFO  TDRV:ucode_print_hash                        SEQ UCODE IMGs from ucode lib - ENG: Q7, iram md5hash: 0xfa068885577109761d814f0966d3b776, dram md5hash: 0xcd426140bedbc9176466d7ad763ecec7
2026-Jul-02 23:05:17.934295 240915:240915  INFO  TDRV:tdrv_init_one_mla_phase2                Initialized vcore: 15
2026-Jul-02 23:05:17.937268 240915:240915  INFO  TDRV:ucode_print_hash                        SEQ UCODE IMGs from ucode lib - ENG: pe, iram md5hash: 0xa09af37658b916de7ca91e08c513367d, dram md5hash: 0x64ece29664b8d28c597162ed9f5a07d1
2026-Jul-02 23:05:17.937402 240915:240915  INFO  TDRV:ucode_print_hash                        SEQ UCODE IMGs from ucode lib - ENG: act, iram md5hash: 0x6fd03fc17d631b5b41beeea7c74110b9, dram md5hash: 0xf1d8d02216b4f4fdd31dcfb380a0c08a
2026-Jul-02 23:05:17.937557 240915:240915  INFO  TDRV:ucode_print_hash                        SEQ UCODE IMGs from ucode lib - ENG: pool, iram md5hash: 0x0dec91409be9b137bc5dce1a8c3cde80, dram md5hash: 0xe2478c83875b2cea6a6d2f69e48d90f3
2026-Jul-02 23:05:17.937701 240915:240915  INFO  TDRV:ucode_print_hash                        SEQ UCODE IMGs from ucode lib - ENG: dve, iram md5hash: 0x13aaf7e60a6d939e280cb09623ab7a35, dram md5hash: 0x1ea843a78cc1f76383ed6b372d029214
2026-Jul-02 23:05:17.937856 240915:240915  INFO  TDRV:ucode_print_hash                        SEQ UCODE IMGs from ucode lib - ENG: sp, iram md5hash: 0x97c685359099aa52298e8bb2fc463db2, dram md5hash: 0x1ae53218b284a7f46f99ac4d95443e2f
2026-Jul-02 23:05:17.938062 240915:240915  INFO  TDRV:ucode_print_hash                        SEQ UCODE IMGs from ucode lib - ENG: Q7, iram md5hash: 0xfa068885577109761d814f0966d3b776, dram md5hash: 0xcd426140bedbc9176466d7ad763ecec7
2026-Jul-02 23:05:17.940619 240915:240915  INFO  TDRV:ucode_print_hash                        SEQ UCODE IMGs from ucode lib - ENG: pe, iram md5hash: 0xa09af37658b916de7ca91e08c513367d, dram md5hash: 0x64ece29664b8d28c597162ed9f5a07d1
2026-Jul-02 23:05:17.940753 240915:240915  INFO  TDRV:ucode_print_hash                        SEQ UCODE IMGs from ucode lib - ENG: act, iram md5hash: 0x6fd03fc17d631b5b41beeea7c74110b9, dram md5hash: 0xf1d8d02216b4f4fdd31dcfb380a0c08a
2026-Jul-02 23:05:17.940908 240915:240915  INFO  TDRV:ucode_print_hash                        SEQ UCODE IMGs from ucode lib - ENG: pool, iram md5hash: 0x0dec91409be9b137bc5dce1a8c3cde80, dram md5hash: 0xe2478c83875b2cea6a6d2f69e48d90f3
2026-Jul-02 23:05:17.941051 240915:240915  INFO  TDRV:ucode_print_hash                        SEQ UCODE IMGs from ucode lib - ENG: dve, iram md5hash: 0x13aaf7e60a6d939e280cb09623ab7a35, dram md5hash: 0x1ea843a78cc1f76383ed6b372d029214
2026-Jul-02 23:05:17.941222 240915:240915  INFO  TDRV:ucode_print_hash                        SEQ UCODE IMGs from ucode lib - ENG: sp, iram md5hash: 0x97c685359099aa52298e8bb2fc463db2, dram md5hash: 0x1ae53218b284a7f46f99ac4d95443e2f
2026-Jul-02 23:05:17.941428 240915:240915  INFO  TDRV:ucode_print_hash                        SEQ UCODE IMGs from ucode lib - ENG: Q7, iram md5hash: 0xfa068885577109761d814f0966d3b776, dram md5hash: 0xcd426140bedbc9176466d7ad763ecec7
2026-Jul-02 23:05:17.953596 240915:240915  INFO  TDRV:tdrv_init_one_mla_phase2                Initialized vcore: 16
2026-Jul-02 23:05:17.956936 240915:240915  INFO  TDRV:ucode_print_hash                        SEQ UCODE IMGs from ucode lib - ENG: pe, iram md5hash: 0xa09af37658b916de7ca91e08c513367d, dram md5hash: 0x64ece29664b8d28c597162ed9f5a07d1
2026-Jul-02 23:05:17.957070 240915:240915  INFO  TDRV:ucode_print_hash                        SEQ UCODE IMGs from ucode lib - ENG: act, iram md5hash: 0x6fd03fc17d631b5b41beeea7c74110b9, dram md5hash: 0xf1d8d02216b4f4fdd31dcfb380a0c08a
2026-Jul-02 23:05:17.957235 240915:240915  INFO  TDRV:ucode_print_hash                        SEQ UCODE IMGs from ucode lib - ENG: pool, iram md5hash: 0x0dec91409be9b137bc5dce1a8c3cde80, dram md5hash: 0xe2478c83875b2cea6a6d2f69e48d90f3
2026-Jul-02 23:05:17.957379 240915:240915  INFO  TDRV:ucode_print_hash                        SEQ UCODE IMGs from ucode lib - ENG: dve, iram md5hash: 0x13aaf7e60a6d939e280cb09623ab7a35, dram md5hash: 0x1ea843a78cc1f76383ed6b372d029214
2026-Jul-02 23:05:17.957534 240915:240915  INFO  TDRV:ucode_print_hash                        SEQ UCODE IMGs from ucode lib - ENG: sp, iram md5hash: 0x97c685359099aa52298e8bb2fc463db2, dram md5hash: 0x1ae53218b284a7f46f99ac4d95443e2f
2026-Jul-02 23:05:17.957740 240915:240915  INFO  TDRV:ucode_print_hash                        SEQ UCODE IMGs from ucode lib - ENG: Q7, iram md5hash: 0xfa068885577109761d814f0966d3b776, dram md5hash: 0xcd426140bedbc9176466d7ad763ecec7
2026-Jul-02 23:05:17.960264 240915:240915  INFO  TDRV:ucode_print_hash                        SEQ UCODE IMGs from ucode lib - ENG: pe, iram md5hash: 0xa09af37658b916de7ca91e08c513367d, dram md5hash: 0x64ece29664b8d28c597162ed9f5a07d1
2026-Jul-02 23:05:17.960423 240915:240915  INFO  TDRV:ucode_print_hash                        SEQ UCODE IMGs from ucode lib - ENG: act, iram md5hash: 0x6fd03fc17d631b5b41beeea7c74110b9, dram md5hash: 0xf1d8d02216b4f4fdd31dcfb380a0c08a
2026-Jul-02 23:05:17.960582 240915:240915  INFO  TDRV:ucode_print_hash                        SEQ UCODE IMGs from ucode lib - ENG: pool, iram md5hash: 0x0dec91409be9b137bc5dce1a8c3cde80, dram md5hash: 0xe2478c83875b2cea6a6d2f69e48d90f3
2026-Jul-02 23:05:17.960726 240915:240915  INFO  TDRV:ucode_print_hash                        SEQ UCODE IMGs from ucode lib - ENG: dve, iram md5hash: 0x13aaf7e60a6d939e280cb09623ab7a35, dram md5hash: 0x1ea843a78cc1f76383ed6b372d029214
2026-Jul-02 23:05:17.960882 240915:240915  INFO  TDRV:ucode_print_hash                        SEQ UCODE IMGs from ucode lib - ENG: sp, iram md5hash: 0x97c685359099aa52298e8bb2fc463db2, dram md5hash: 0x1ae53218b284a7f46f99ac4d95443e2f
2026-Jul-02 23:05:17.961088 240915:240915  INFO  TDRV:ucode_print_hash                        SEQ UCODE IMGs from ucode lib - ENG: Q7, iram md5hash: 0xfa068885577109761d814f0966d3b776, dram md5hash: 0xcd426140bedbc9176466d7ad763ecec7
2026-Jul-02 23:05:17.972759 240915:240915  INFO  TDRV:tdrv_init_one_mla_phase2                Initialized vcore: 17
2026-Jul-02 23:05:17.977895 240915:240915  INFO  TDRV:ucode_print_hash                        SEQ UCODE IMGs from ucode lib - ENG: pe, iram md5hash: 0xa09af37658b916de7ca91e08c513367d, dram md5hash: 0x64ece29664b8d28c597162ed9f5a07d1
2026-Jul-02 23:05:17.978029 240915:240915  INFO  TDRV:ucode_print_hash                        SEQ UCODE IMGs from ucode lib - ENG: act, iram md5hash: 0x6fd03fc17d631b5b41beeea7c74110b9, dram md5hash: 0xf1d8d02216b4f4fdd31dcfb380a0c08a
2026-Jul-02 23:05:17.978193 240915:240915  INFO  TDRV:ucode_print_hash                        SEQ UCODE IMGs from ucode lib - ENG: pool, iram md5hash: 0x0dec91409be9b137bc5dce1a8c3cde80, dram md5hash: 0xe2478c83875b2cea6a6d2f69e48d90f3
2026-Jul-02 23:05:17.978337 240915:240915  INFO  TDRV:ucode_print_hash                        SEQ UCODE IMGs from ucode lib - ENG: dve, iram md5hash: 0x13aaf7e60a6d939e280cb09623ab7a35, dram md5hash: 0x1ea843a78cc1f76383ed6b372d029214
2026-Jul-02 23:05:17.978493 240915:240915  INFO  TDRV:ucode_print_hash                        SEQ UCODE IMGs from ucode lib - ENG: sp, iram md5hash: 0x97c685359099aa52298e8bb2fc463db2, dram md5hash: 0x1ae53218b284a7f46f99ac4d95443e2f
2026-Jul-02 23:05:17.978703 240915:240915  INFO  TDRV:ucode_print_hash                        SEQ UCODE IMGs from ucode lib - ENG: Q7, iram md5hash: 0xfa068885577109761d814f0966d3b776, dram md5hash: 0xcd426140bedbc9176466d7ad763ecec7
2026-Jul-02 23:05:17.981299 240915:240915  INFO  TDRV:ucode_print_hash                        SEQ UCODE IMGs from ucode lib - ENG: pe, iram md5hash: 0xa09af37658b916de7ca91e08c513367d, dram md5hash: 0x64ece29664b8d28c597162ed9f5a07d1
2026-Jul-02 23:05:17.981434 240915:240915  INFO  TDRV:ucode_print_hash                        SEQ UCODE IMGs from ucode lib - ENG: act, iram md5hash: 0x6fd03fc17d631b5b41beeea7c74110b9, dram md5hash: 0xf1d8d02216b4f4fdd31dcfb380a0c08a
2026-Jul-02 23:05:17.981589 240915:240915  INFO  TDRV:ucode_print_hash                        SEQ UCODE IMGs from ucode lib - ENG: pool, iram md5hash: 0x0dec91409be9b137bc5dce1a8c3cde80, dram md5hash: 0xe2478c83875b2cea6a6d2f69e48d90f3
2026-Jul-02 23:05:17.981732 240915:240915  INFO  TDRV:ucode_print_hash                        SEQ UCODE IMGs from ucode lib - ENG: dve, iram md5hash: 0x13aaf7e60a6d939e280cb09623ab7a35, dram md5hash: 0x1ea843a78cc1f76383ed6b372d029214
2026-Jul-02 23:05:17.981887 240915:240915  INFO  TDRV:ucode_print_hash                        SEQ UCODE IMGs from ucode lib - ENG: sp, iram md5hash: 0x97c685359099aa52298e8bb2fc463db2, dram md5hash: 0x1ae53218b284a7f46f99ac4d95443e2f
2026-Jul-02 23:05:17.982093 240915:240915  INFO  TDRV:ucode_print_hash                        SEQ UCODE IMGs from ucode lib - ENG: Q7, iram md5hash: 0xfa068885577109761d814f0966d3b776, dram md5hash: 0xcd426140bedbc9176466d7ad763ecec7
2026-Jul-02 23:05:17.994853 240915:240915  INFO  TDRV:tdrv_init_one_mla_phase2                Initialized vcore: 18
2026-Jul-02 23:05:18.000766 240915:240915  INFO  TDRV:ucode_print_hash                        SEQ UCODE IMGs from ucode lib - ENG: pe, iram md5hash: 0xa09af37658b916de7ca91e08c513367d, dram md5hash: 0x64ece29664b8d28c597162ed9f5a07d1
2026-Jul-02 23:05:18.000901 240915:240915  INFO  TDRV:ucode_print_hash                        SEQ UCODE IMGs from ucode lib - ENG: act, iram md5hash: 0x6fd03fc17d631b5b41beeea7c74110b9, dram md5hash: 0xf1d8d02216b4f4fdd31dcfb380a0c08a
2026-Jul-02 23:05:18.001056 240915:240915  INFO  TDRV:ucode_print_hash                        SEQ UCODE IMGs from ucode lib - ENG: pool, iram md5hash: 0x0dec91409be9b137bc5dce1a8c3cde80, dram md5hash: 0xe2478c83875b2cea6a6d2f69e48d90f3
2026-Jul-02 23:05:18.001210 240915:240915  INFO  TDRV:ucode_print_hash                        SEQ UCODE IMGs from ucode lib - ENG: dve, iram md5hash: 0x13aaf7e60a6d939e280cb09623ab7a35, dram md5hash: 0x1ea843a78cc1f76383ed6b372d029214
2026-Jul-02 23:05:18.001367 240915:240915  INFO  TDRV:ucode_print_hash                        SEQ UCODE IMGs from ucode lib - ENG: sp, iram md5hash: 0x97c685359099aa52298e8bb2fc463db2, dram md5hash: 0x1ae53218b284a7f46f99ac4d95443e2f
2026-Jul-02 23:05:18.001573 240915:240915  INFO  TDRV:ucode_print_hash                        SEQ UCODE IMGs from ucode lib - ENG: Q7, iram md5hash: 0xfa068885577109761d814f0966d3b776, dram md5hash: 0xcd426140bedbc9176466d7ad763ecec7
2026-Jul-02 23:05:18.004302 240915:240915  INFO  TDRV:ucode_print_hash                        SEQ UCODE IMGs from ucode lib - ENG: pe, iram md5hash: 0xa09af37658b916de7ca91e08c513367d, dram md5hash: 0x64ece29664b8d28c597162ed9f5a07d1
2026-Jul-02 23:05:18.004449 240915:240915  INFO  TDRV:ucode_print_hash                        SEQ UCODE IMGs from ucode lib - ENG: act, iram md5hash: 0x6fd03fc17d631b5b41beeea7c74110b9, dram md5hash: 0xf1d8d02216b4f4fdd31dcfb380a0c08a
2026-Jul-02 23:05:18.004604 240915:240915  INFO  TDRV:ucode_print_hash                        SEQ UCODE IMGs from ucode lib - ENG: pool, iram md5hash: 0x0dec91409be9b137bc5dce1a8c3cde80, dram md5hash: 0xe2478c83875b2cea6a6d2f69e48d90f3
2026-Jul-02 23:05:18.004747 240915:240915  INFO  TDRV:ucode_print_hash                        SEQ UCODE IMGs from ucode lib - ENG: dve, iram md5hash: 0x13aaf7e60a6d939e280cb09623ab7a35, dram md5hash: 0x1ea843a78cc1f76383ed6b372d029214
2026-Jul-02 23:05:18.004907 240915:240915  INFO  TDRV:ucode_print_hash                        SEQ UCODE IMGs from ucode lib - ENG: sp, iram md5hash: 0x97c685359099aa52298e8bb2fc463db2, dram md5hash: 0x1ae53218b284a7f46f99ac4d95443e2f
2026-Jul-02 23:05:18.005112 240915:240915  INFO  TDRV:ucode_print_hash                        SEQ UCODE IMGs from ucode lib - ENG: Q7, iram md5hash: 0xfa068885577109761d814f0966d3b776, dram md5hash: 0xcd426140bedbc9176466d7ad763ecec7
2026-Jul-02 23:05:18.018071 240915:240915  INFO  TDRV:tdrv_init_one_mla_phase2                Initialized vcore: 19
2026-Jul-02 23:05:18.023230 240915:240915  INFO  TDRV:ucode_print_hash                        SEQ UCODE IMGs from ucode lib - ENG: pe, iram md5hash: 0xa09af37658b916de7ca91e08c513367d, dram md5hash: 0x64ece29664b8d28c597162ed9f5a07d1
2026-Jul-02 23:05:18.023365 240915:240915  INFO  TDRV:ucode_print_hash                        SEQ UCODE IMGs from ucode lib - ENG: act, iram md5hash: 0x6fd03fc17d631b5b41beeea7c74110b9, dram md5hash: 0xf1d8d02216b4f4fdd31dcfb380a0c08a
2026-Jul-02 23:05:18.023520 240915:240915  INFO  TDRV:ucode_print_hash                        SEQ UCODE IMGs from ucode lib - ENG: pool, iram md5hash: 0x0dec91409be9b137bc5dce1a8c3cde80, dram md5hash: 0xe2478c83875b2cea6a6d2f69e48d90f3
2026-Jul-02 23:05:18.023663 240915:240915  INFO  TDRV:ucode_print_hash                        SEQ UCODE IMGs from ucode lib - ENG: dve, iram md5hash: 0x13aaf7e60a6d939e280cb09623ab7a35, dram md5hash: 0x1ea843a78cc1f76383ed6b372d029214
2026-Jul-02 23:05:18.023832 240915:240915  INFO  TDRV:ucode_print_hash                        SEQ UCODE IMGs from ucode lib - ENG: sp, iram md5hash: 0x97c685359099aa52298e8bb2fc463db2, dram md5hash: 0x1ae53218b284a7f46f99ac4d95443e2f
2026-Jul-02 23:05:18.024069 240915:240915  INFO  TDRV:ucode_print_hash                        SEQ UCODE IMGs from ucode lib - ENG: Q7, iram md5hash: 0xfa068885577109761d814f0966d3b776, dram md5hash: 0xcd426140bedbc9176466d7ad763ecec7
2026-Jul-02 23:05:18.026673 240915:240915  INFO  TDRV:ucode_print_hash                        SEQ UCODE IMGs from ucode lib - ENG: pe, iram md5hash: 0xa09af37658b916de7ca91e08c513367d, dram md5hash: 0x64ece29664b8d28c597162ed9f5a07d1
2026-Jul-02 23:05:18.026808 240915:240915  INFO  TDRV:ucode_print_hash                        SEQ UCODE IMGs from ucode lib - ENG: act, iram md5hash: 0x6fd03fc17d631b5b41beeea7c74110b9, dram md5hash: 0xf1d8d02216b4f4fdd31dcfb380a0c08a
2026-Jul-02 23:05:18.026963 240915:240915  INFO  TDRV:ucode_print_hash                        SEQ UCODE IMGs from ucode lib - ENG: pool, iram md5hash: 0x0dec91409be9b137bc5dce1a8c3cde80, dram md5hash: 0xe2478c83875b2cea6a6d2f69e48d90f3
2026-Jul-02 23:05:18.027106 240915:240915  INFO  TDRV:ucode_print_hash                        SEQ UCODE IMGs from ucode lib - ENG: dve, iram md5hash: 0x13aaf7e60a6d939e280cb09623ab7a35, dram md5hash: 0x1ea843a78cc1f76383ed6b372d029214
2026-Jul-02 23:05:18.027274 240915:240915  INFO  TDRV:ucode_print_hash                        SEQ UCODE IMGs from ucode lib - ENG: sp, iram md5hash: 0x97c685359099aa52298e8bb2fc463db2, dram md5hash: 0x1ae53218b284a7f46f99ac4d95443e2f
2026-Jul-02 23:05:18.027481 240915:240915  INFO  TDRV:ucode_print_hash                        SEQ UCODE IMGs from ucode lib - ENG: Q7, iram md5hash: 0xfa068885577109761d814f0966d3b776, dram md5hash: 0xcd426140bedbc9176466d7ad763ecec7
2026-Jul-02 23:05:18.040352 240915:240915  INFO  TDRV:tdrv_init_one_mla_phase2                Initialized vcore: 20
2026-Jul-02 23:05:18.046237 240915:240915  INFO  TDRV:ucode_print_hash                        SEQ UCODE IMGs from ucode lib - ENG: pe, iram md5hash: 0xa09af37658b916de7ca91e08c513367d, dram md5hash: 0x64ece29664b8d28c597162ed9f5a07d1
2026-Jul-02 23:05:18.046371 240915:240915  INFO  TDRV:ucode_print_hash                        SEQ UCODE IMGs from ucode lib - ENG: act, iram md5hash: 0x6fd03fc17d631b5b41beeea7c74110b9, dram md5hash: 0xf1d8d02216b4f4fdd31dcfb380a0c08a
2026-Jul-02 23:05:18.046526 240915:240915  INFO  TDRV:ucode_print_hash                        SEQ UCODE IMGs from ucode lib - ENG: pool, iram md5hash: 0x0dec91409be9b137bc5dce1a8c3cde80, dram md5hash: 0xe2478c83875b2cea6a6d2f69e48d90f3
2026-Jul-02 23:05:18.046673 240915:240915  INFO  TDRV:ucode_print_hash                        SEQ UCODE IMGs from ucode lib - ENG: dve, iram md5hash: 0x13aaf7e60a6d939e280cb09623ab7a35, dram md5hash: 0x1ea843a78cc1f76383ed6b372d029214
2026-Jul-02 23:05:18.046829 240915:240915  INFO  TDRV:ucode_print_hash                        SEQ UCODE IMGs from ucode lib - ENG: sp, iram md5hash: 0x97c685359099aa52298e8bb2fc463db2, dram md5hash: 0x1ae53218b284a7f46f99ac4d95443e2f
2026-Jul-02 23:05:18.047035 240915:240915  INFO  TDRV:ucode_print_hash                        SEQ UCODE IMGs from ucode lib - ENG: Q7, iram md5hash: 0xfa068885577109761d814f0966d3b776, dram md5hash: 0xcd426140bedbc9176466d7ad763ecec7
2026-Jul-02 23:05:18.049637 240915:240915  INFO  TDRV:ucode_print_hash                        SEQ UCODE IMGs from ucode lib - ENG: pe, iram md5hash: 0xa09af37658b916de7ca91e08c513367d, dram md5hash: 0x64ece29664b8d28c597162ed9f5a07d1
2026-Jul-02 23:05:18.049771 240915:240915  INFO  TDRV:ucode_print_hash                        SEQ UCODE IMGs from ucode lib - ENG: act, iram md5hash: 0x6fd03fc17d631b5b41beeea7c74110b9, dram md5hash: 0xf1d8d02216b4f4fdd31dcfb380a0c08a
2026-Jul-02 23:05:18.049926 240915:240915  INFO  TDRV:ucode_print_hash                        SEQ UCODE IMGs from ucode lib - ENG: pool, iram md5hash: 0x0dec91409be9b137bc5dce1a8c3cde80, dram md5hash: 0xe2478c83875b2cea6a6d2f69e48d90f3
2026-Jul-02 23:05:18.050070 240915:240915  INFO  TDRV:ucode_print_hash                        SEQ UCODE IMGs from ucode lib - ENG: dve, iram md5hash: 0x13aaf7e60a6d939e280cb09623ab7a35, dram md5hash: 0x1ea843a78cc1f76383ed6b372d029214
2026-Jul-02 23:05:18.050239 240915:240915  INFO  TDRV:ucode_print_hash                        SEQ UCODE IMGs from ucode lib - ENG: sp, iram md5hash: 0x97c685359099aa52298e8bb2fc463db2, dram md5hash: 0x1ae53218b284a7f46f99ac4d95443e2f
2026-Jul-02 23:05:18.050446 240915:240915  INFO  TDRV:ucode_print_hash                        SEQ UCODE IMGs from ucode lib - ENG: Q7, iram md5hash: 0xfa068885577109761d814f0966d3b776, dram md5hash: 0xcd426140bedbc9176466d7ad763ecec7
2026-Jul-02 23:05:18.063364 240915:240915  INFO  TDRV:tdrv_init_one_mla_phase2                Initialized vcore: 21
2026-Jul-02 23:05:18.066285 240915:240915  INFO  TDRV:ucode_print_hash                        SEQ UCODE IMGs from ucode lib - ENG: pe, iram md5hash: 0xa09af37658b916de7ca91e08c513367d, dram md5hash: 0x64ece29664b8d28c597162ed9f5a07d1
2026-Jul-02 23:05:18.066420 240915:240915  INFO  TDRV:ucode_print_hash                        SEQ UCODE IMGs from ucode lib - ENG: act, iram md5hash: 0x6fd03fc17d631b5b41beeea7c74110b9, dram md5hash: 0xf1d8d02216b4f4fdd31dcfb380a0c08a
2026-Jul-02 23:05:18.066574 240915:240915  INFO  TDRV:ucode_print_hash                        SEQ UCODE IMGs from ucode lib - ENG: pool, iram md5hash: 0x0dec91409be9b137bc5dce1a8c3cde80, dram md5hash: 0xe2478c83875b2cea6a6d2f69e48d90f3
2026-Jul-02 23:05:18.066718 240915:240915  INFO  TDRV:ucode_print_hash                        SEQ UCODE IMGs from ucode lib - ENG: dve, iram md5hash: 0x13aaf7e60a6d939e280cb09623ab7a35, dram md5hash: 0x1ea843a78cc1f76383ed6b372d029214
2026-Jul-02 23:05:18.066874 240915:240915  INFO  TDRV:ucode_print_hash                        SEQ UCODE IMGs from ucode lib - ENG: sp, iram md5hash: 0x97c685359099aa52298e8bb2fc463db2, dram md5hash: 0x1ae53218b284a7f46f99ac4d95443e2f
2026-Jul-02 23:05:18.067080 240915:240915  INFO  TDRV:ucode_print_hash                        SEQ UCODE IMGs from ucode lib - ENG: Q7, iram md5hash: 0xfa068885577109761d814f0966d3b776, dram md5hash: 0xcd426140bedbc9176466d7ad763ecec7
2026-Jul-02 23:05:18.069612 240915:240915  INFO  TDRV:ucode_print_hash                        SEQ UCODE IMGs from ucode lib - ENG: pe, iram md5hash: 0xa09af37658b916de7ca91e08c513367d, dram md5hash: 0x64ece29664b8d28c597162ed9f5a07d1
2026-Jul-02 23:05:18.069747 240915:240915  INFO  TDRV:ucode_print_hash                        SEQ UCODE IMGs from ucode lib - ENG: act, iram md5hash: 0x6fd03fc17d631b5b41beeea7c74110b9, dram md5hash: 0xf1d8d02216b4f4fdd31dcfb380a0c08a
2026-Jul-02 23:05:18.069910 240915:240915  INFO  TDRV:ucode_print_hash                        SEQ UCODE IMGs from ucode lib - ENG: pool, iram md5hash: 0x0dec91409be9b137bc5dce1a8c3cde80, dram md5hash: 0xe2478c83875b2cea6a6d2f69e48d90f3
2026-Jul-02 23:05:18.070053 240915:240915  INFO  TDRV:ucode_print_hash                        SEQ UCODE IMGs from ucode lib - ENG: dve, iram md5hash: 0x13aaf7e60a6d939e280cb09623ab7a35, dram md5hash: 0x1ea843a78cc1f76383ed6b372d029214
2026-Jul-02 23:05:18.070222 240915:240915  INFO  TDRV:ucode_print_hash                        SEQ UCODE IMGs from ucode lib - ENG: sp, iram md5hash: 0x97c685359099aa52298e8bb2fc463db2, dram md5hash: 0x1ae53218b284a7f46f99ac4d95443e2f
2026-Jul-02 23:05:18.070429 240915:240915  INFO  TDRV:ucode_print_hash                        SEQ UCODE IMGs from ucode lib - ENG: Q7, iram md5hash: 0xfa068885577109761d814f0966d3b776, dram md5hash: 0xcd426140bedbc9176466d7ad763ecec7
2026-Jul-02 23:05:18.082416 240915:240915  INFO  TDRV:tdrv_init_one_mla_phase2                Initialized vcore: 22
2026-Jul-02 23:05:18.085745 240915:240915  INFO  TDRV:ucode_print_hash                        SEQ UCODE IMGs from ucode lib - ENG: pe, iram md5hash: 0xa09af37658b916de7ca91e08c513367d, dram md5hash: 0x64ece29664b8d28c597162ed9f5a07d1
2026-Jul-02 23:05:18.085879 240915:240915  INFO  TDRV:ucode_print_hash                        SEQ UCODE IMGs from ucode lib - ENG: act, iram md5hash: 0x6fd03fc17d631b5b41beeea7c74110b9, dram md5hash: 0xf1d8d02216b4f4fdd31dcfb380a0c08a
2026-Jul-02 23:05:18.086034 240915:240915  INFO  TDRV:ucode_print_hash                        SEQ UCODE IMGs from ucode lib - ENG: pool, iram md5hash: 0x0dec91409be9b137bc5dce1a8c3cde80, dram md5hash: 0xe2478c83875b2cea6a6d2f69e48d90f3
2026-Jul-02 23:05:18.086190 240915:240915  INFO  TDRV:ucode_print_hash                        SEQ UCODE IMGs from ucode lib - ENG: dve, iram md5hash: 0x13aaf7e60a6d939e280cb09623ab7a35, dram md5hash: 0x1ea843a78cc1f76383ed6b372d029214
2026-Jul-02 23:05:18.086347 240915:240915  INFO  TDRV:ucode_print_hash                        SEQ UCODE IMGs from ucode lib - ENG: sp, iram md5hash: 0x97c685359099aa52298e8bb2fc463db2, dram md5hash: 0x1ae53218b284a7f46f99ac4d95443e2f
2026-Jul-02 23:05:18.086553 240915:240915  INFO  TDRV:ucode_print_hash                        SEQ UCODE IMGs from ucode lib - ENG: Q7, iram md5hash: 0xfa068885577109761d814f0966d3b776, dram md5hash: 0xcd426140bedbc9176466d7ad763ecec7
2026-Jul-02 23:05:18.089010 240915:240915  INFO  TDRV:ucode_print_hash                        SEQ UCODE IMGs from ucode lib - ENG: pe, iram md5hash: 0xa09af37658b916de7ca91e08c513367d, dram md5hash: 0x64ece29664b8d28c597162ed9f5a07d1
2026-Jul-02 23:05:18.089145 240915:240915  INFO  TDRV:ucode_print_hash                        SEQ UCODE IMGs from ucode lib - ENG: act, iram md5hash: 0x6fd03fc17d631b5b41beeea7c74110b9, dram md5hash: 0xf1d8d02216b4f4fdd31dcfb380a0c08a
2026-Jul-02 23:05:18.089312 240915:240915  INFO  TDRV:ucode_print_hash                        SEQ UCODE IMGs from ucode lib - ENG: pool, iram md5hash: 0x0dec91409be9b137bc5dce1a8c3cde80, dram md5hash: 0xe2478c83875b2cea6a6d2f69e48d90f3
2026-Jul-02 23:05:18.089456 240915:240915  INFO  TDRV:ucode_print_hash                        SEQ UCODE IMGs from ucode lib - ENG: dve, iram md5hash: 0x13aaf7e60a6d939e280cb09623ab7a35, dram md5hash: 0x1ea843a78cc1f76383ed6b372d029214
2026-Jul-02 23:05:18.089612 240915:240915  INFO  TDRV:ucode_print_hash                        SEQ UCODE IMGs from ucode lib - ENG: sp, iram md5hash: 0x97c685359099aa52298e8bb2fc463db2, dram md5hash: 0x1ae53218b284a7f46f99ac4d95443e2f
2026-Jul-02 23:05:18.089818 240915:240915  INFO  TDRV:ucode_print_hash                        SEQ UCODE IMGs from ucode lib - ENG: Q7, iram md5hash: 0xfa068885577109761d814f0966d3b776, dram md5hash: 0xcd426140bedbc9176466d7ad763ecec7
2026-Jul-02 23:05:18.101482 240915:240915  INFO  TDRV:tdrv_init_one_mla_phase2                Initialized vcore: 23
2026-Jul-02 23:05:18.104449 240915:240915  INFO  TDRV:ucode_print_hash                        SEQ UCODE IMGs from ucode lib - ENG: pe, iram md5hash: 0xa09af37658b916de7ca91e08c513367d, dram md5hash: 0x64ece29664b8d28c597162ed9f5a07d1
2026-Jul-02 23:05:18.104582 240915:240915  INFO  TDRV:ucode_print_hash                        SEQ UCODE IMGs from ucode lib - ENG: act, iram md5hash: 0x6fd03fc17d631b5b41beeea7c74110b9, dram md5hash: 0xf1d8d02216b4f4fdd31dcfb380a0c08a
2026-Jul-02 23:05:18.104737 240915:240915  INFO  TDRV:ucode_print_hash                        SEQ UCODE IMGs from ucode lib - ENG: pool, iram md5hash: 0x0dec91409be9b137bc5dce1a8c3cde80, dram md5hash: 0xe2478c83875b2cea6a6d2f69e48d90f3
2026-Jul-02 23:05:18.104880 240915:240915  INFO  TDRV:ucode_print_hash                        SEQ UCODE IMGs from ucode lib - ENG: dve, iram md5hash: 0x13aaf7e60a6d939e280cb09623ab7a35, dram md5hash: 0x1ea843a78cc1f76383ed6b372d029214
2026-Jul-02 23:05:18.105036 240915:240915  INFO  TDRV:ucode_print_hash                        SEQ UCODE IMGs from ucode lib - ENG: sp, iram md5hash: 0x97c685359099aa52298e8bb2fc463db2, dram md5hash: 0x1ae53218b284a7f46f99ac4d95443e2f
2026-Jul-02 23:05:18.105251 240915:240915  INFO  TDRV:ucode_print_hash                        SEQ UCODE IMGs from ucode lib - ENG: Q7, iram md5hash: 0xfa068885577109761d814f0966d3b776, dram md5hash: 0xcd426140bedbc9176466d7ad763ecec7
2026-Jul-02 23:05:18.107700 240915:240915  INFO  TDRV:ucode_print_hash                        SEQ UCODE IMGs from ucode lib - ENG: pe, iram md5hash: 0xa09af37658b916de7ca91e08c513367d, dram md5hash: 0x64ece29664b8d28c597162ed9f5a07d1
2026-Jul-02 23:05:18.107851 240915:240915  INFO  TDRV:ucode_print_hash                        SEQ UCODE IMGs from ucode lib - ENG: act, iram md5hash: 0x6fd03fc17d631b5b41beeea7c74110b9, dram md5hash: 0xf1d8d02216b4f4fdd31dcfb380a0c08a
2026-Jul-02 23:05:18.108027 240915:240915  INFO  TDRV:ucode_print_hash                        SEQ UCODE IMGs from ucode lib - ENG: pool, iram md5hash: 0x0dec91409be9b137bc5dce1a8c3cde80, dram md5hash: 0xe2478c83875b2cea6a6d2f69e48d90f3
2026-Jul-02 23:05:18.108213 240915:240915  INFO  TDRV:ucode_print_hash                        SEQ UCODE IMGs from ucode lib - ENG: dve, iram md5hash: 0x13aaf7e60a6d939e280cb09623ab7a35, dram md5hash: 0x1ea843a78cc1f76383ed6b372d029214
2026-Jul-02 23:05:18.108399 240915:240915  INFO  TDRV:ucode_print_hash                        SEQ UCODE IMGs from ucode lib - ENG: sp, iram md5hash: 0x97c685359099aa52298e8bb2fc463db2, dram md5hash: 0x1ae53218b284a7f46f99ac4d95443e2f
2026-Jul-02 23:05:18.108609 240915:240915  INFO  TDRV:ucode_print_hash                        SEQ UCODE IMGs from ucode lib - ENG: Q7, iram md5hash: 0xfa068885577109761d814f0966d3b776, dram md5hash: 0xcd426140bedbc9176466d7ad763ecec7
2026-Jul-02 23:05:18.120783 240915:240915  INFO  TDRV:tdrv_init_one_mla_phase2                Initialized vcore: 24
2026-Jul-02 23:05:18.124120 240915:240915  INFO  TDRV:ucode_print_hash                        SEQ UCODE IMGs from ucode lib - ENG: pe, iram md5hash: 0xa09af37658b916de7ca91e08c513367d, dram md5hash: 0x64ece29664b8d28c597162ed9f5a07d1
2026-Jul-02 23:05:18.124266 240915:240915  INFO  TDRV:ucode_print_hash                        SEQ UCODE IMGs from ucode lib - ENG: act, iram md5hash: 0x6fd03fc17d631b5b41beeea7c74110b9, dram md5hash: 0xf1d8d02216b4f4fdd31dcfb380a0c08a
2026-Jul-02 23:05:18.124421 240915:240915  INFO  TDRV:ucode_print_hash                        SEQ UCODE IMGs from ucode lib - ENG: pool, iram md5hash: 0x0dec91409be9b137bc5dce1a8c3cde80, dram md5hash: 0xe2478c83875b2cea6a6d2f69e48d90f3
2026-Jul-02 23:05:18.124564 240915:240915  INFO  TDRV:ucode_print_hash                        SEQ UCODE IMGs from ucode lib - ENG: dve, iram md5hash: 0x13aaf7e60a6d939e280cb09623ab7a35, dram md5hash: 0x1ea843a78cc1f76383ed6b372d029214
2026-Jul-02 23:05:18.124720 240915:240915  INFO  TDRV:ucode_print_hash                        SEQ UCODE IMGs from ucode lib - ENG: sp, iram md5hash: 0x97c685359099aa52298e8bb2fc463db2, dram md5hash: 0x1ae53218b284a7f46f99ac4d95443e2f
2026-Jul-02 23:05:18.124930 240915:240915  INFO  TDRV:ucode_print_hash                        SEQ UCODE IMGs from ucode lib - ENG: Q7, iram md5hash: 0xfa068885577109761d814f0966d3b776, dram md5hash: 0xcd426140bedbc9176466d7ad763ecec7
2026-Jul-02 23:05:18.127372 240915:240915  INFO  TDRV:ucode_print_hash                        SEQ UCODE IMGs from ucode lib - ENG: pe, iram md5hash: 0xa09af37658b916de7ca91e08c513367d, dram md5hash: 0x64ece29664b8d28c597162ed9f5a07d1
2026-Jul-02 23:05:18.127506 240915:240915  INFO  TDRV:ucode_print_hash                        SEQ UCODE IMGs from ucode lib - ENG: act, iram md5hash: 0x6fd03fc17d631b5b41beeea7c74110b9, dram md5hash: 0xf1d8d02216b4f4fdd31dcfb380a0c08a
2026-Jul-02 23:05:18.127661 240915:240915  INFO  TDRV:ucode_print_hash                        SEQ UCODE IMGs from ucode lib - ENG: pool, iram md5hash: 0x0dec91409be9b137bc5dce1a8c3cde80, dram md5hash: 0xe2478c83875b2cea6a6d2f69e48d90f3
2026-Jul-02 23:05:18.127817 240915:240915  INFO  TDRV:ucode_print_hash                        SEQ UCODE IMGs from ucode lib - ENG: dve, iram md5hash: 0x13aaf7e60a6d939e280cb09623ab7a35, dram md5hash: 0x1ea843a78cc1f76383ed6b372d029214
2026-Jul-02 23:05:18.127991 240915:240915  INFO  TDRV:ucode_print_hash                        SEQ UCODE IMGs from ucode lib - ENG: sp, iram md5hash: 0x97c685359099aa52298e8bb2fc463db2, dram md5hash: 0x1ae53218b284a7f46f99ac4d95443e2f
2026-Jul-02 23:05:18.128221 240915:240915  INFO  TDRV:ucode_print_hash                        SEQ UCODE IMGs from ucode lib - ENG: Q7, iram md5hash: 0xfa068885577109761d814f0966d3b776, dram md5hash: 0xcd426140bedbc9176466d7ad763ecec7
2026-Jul-02 23:05:18.140185 240915:240915  INFO  TDRV:tdrv_init_one_mla_phase2                Initialized vcore: 25
2026-Jul-02 23:05:18.145290 240915:240915  INFO  TDRV:ucode_print_hash                        SEQ UCODE IMGs from ucode lib - ENG: pe, iram md5hash: 0xa09af37658b916de7ca91e08c513367d, dram md5hash: 0x64ece29664b8d28c597162ed9f5a07d1
2026-Jul-02 23:05:18.145424 240915:240915  INFO  TDRV:ucode_print_hash                        SEQ UCODE IMGs from ucode lib - ENG: act, iram md5hash: 0x6fd03fc17d631b5b41beeea7c74110b9, dram md5hash: 0xf1d8d02216b4f4fdd31dcfb380a0c08a
2026-Jul-02 23:05:18.145579 240915:240915  INFO  TDRV:ucode_print_hash                        SEQ UCODE IMGs from ucode lib - ENG: pool, iram md5hash: 0x0dec91409be9b137bc5dce1a8c3cde80, dram md5hash: 0xe2478c83875b2cea6a6d2f69e48d90f3
2026-Jul-02 23:05:18.145722 240915:240915  INFO  TDRV:ucode_print_hash                        SEQ UCODE IMGs from ucode lib - ENG: dve, iram md5hash: 0x13aaf7e60a6d939e280cb09623ab7a35, dram md5hash: 0x1ea843a78cc1f76383ed6b372d029214
2026-Jul-02 23:05:18.145879 240915:240915  INFO  TDRV:ucode_print_hash                        SEQ UCODE IMGs from ucode lib - ENG: sp, iram md5hash: 0x97c685359099aa52298e8bb2fc463db2, dram md5hash: 0x1ae53218b284a7f46f99ac4d95443e2f
2026-Jul-02 23:05:18.146084 240915:240915  INFO  TDRV:ucode_print_hash                        SEQ UCODE IMGs from ucode lib - ENG: Q7, iram md5hash: 0xfa068885577109761d814f0966d3b776, dram md5hash: 0xcd426140bedbc9176466d7ad763ecec7
2026-Jul-02 23:05:18.148860 240915:240915  INFO  TDRV:ucode_print_hash                        SEQ UCODE IMGs from ucode lib - ENG: pe, iram md5hash: 0xa09af37658b916de7ca91e08c513367d, dram md5hash: 0x64ece29664b8d28c597162ed9f5a07d1
2026-Jul-02 23:05:18.148994 240915:240915  INFO  TDRV:ucode_print_hash                        SEQ UCODE IMGs from ucode lib - ENG: act, iram md5hash: 0x6fd03fc17d631b5b41beeea7c74110b9, dram md5hash: 0xf1d8d02216b4f4fdd31dcfb380a0c08a
2026-Jul-02 23:05:18.149162 240915:240915  INFO  TDRV:ucode_print_hash                        SEQ UCODE IMGs from ucode lib - ENG: pool, iram md5hash: 0x0dec91409be9b137bc5dce1a8c3cde80, dram md5hash: 0xe2478c83875b2cea6a6d2f69e48d90f3
2026-Jul-02 23:05:18.149307 240915:240915  INFO  TDRV:ucode_print_hash                        SEQ UCODE IMGs from ucode lib - ENG: dve, iram md5hash: 0x13aaf7e60a6d939e280cb09623ab7a35, dram md5hash: 0x1ea843a78cc1f76383ed6b372d029214
2026-Jul-02 23:05:18.149466 240915:240915  INFO  TDRV:ucode_print_hash                        SEQ UCODE IMGs from ucode lib - ENG: sp, iram md5hash: 0x97c685359099aa52298e8bb2fc463db2, dram md5hash: 0x1ae53218b284a7f46f99ac4d95443e2f
2026-Jul-02 23:05:18.149672 240915:240915  INFO  TDRV:ucode_print_hash                        SEQ UCODE IMGs from ucode lib - ENG: Q7, iram md5hash: 0xfa068885577109761d814f0966d3b776, dram md5hash: 0xcd426140bedbc9176466d7ad763ecec7
2026-Jul-02 23:05:18.162786 240915:240915  INFO  TDRV:tdrv_init_one_mla_phase2                Initialized vcore: 26
2026-Jul-02 23:05:18.168673 240915:240915  INFO  TDRV:ucode_print_hash                        SEQ UCODE IMGs from ucode lib - ENG: pe, iram md5hash: 0xa09af37658b916de7ca91e08c513367d, dram md5hash: 0x64ece29664b8d28c597162ed9f5a07d1
2026-Jul-02 23:05:18.168807 240915:240915  INFO  TDRV:ucode_print_hash                        SEQ UCODE IMGs from ucode lib - ENG: act, iram md5hash: 0x6fd03fc17d631b5b41beeea7c74110b9, dram md5hash: 0xf1d8d02216b4f4fdd31dcfb380a0c08a
2026-Jul-02 23:05:18.168962 240915:240915  INFO  TDRV:ucode_print_hash                        SEQ UCODE IMGs from ucode lib - ENG: pool, iram md5hash: 0x0dec91409be9b137bc5dce1a8c3cde80, dram md5hash: 0xe2478c83875b2cea6a6d2f69e48d90f3
2026-Jul-02 23:05:18.169105 240915:240915  INFO  TDRV:ucode_print_hash                        SEQ UCODE IMGs from ucode lib - ENG: dve, iram md5hash: 0x13aaf7e60a6d939e280cb09623ab7a35, dram md5hash: 0x1ea843a78cc1f76383ed6b372d029214
2026-Jul-02 23:05:18.169272 240915:240915  INFO  TDRV:ucode_print_hash                        SEQ UCODE IMGs from ucode lib - ENG: sp, iram md5hash: 0x97c685359099aa52298e8bb2fc463db2, dram md5hash: 0x1ae53218b284a7f46f99ac4d95443e2f
2026-Jul-02 23:05:18.169478 240915:240915  INFO  TDRV:ucode_print_hash                        SEQ UCODE IMGs from ucode lib - ENG: Q7, iram md5hash: 0xfa068885577109761d814f0966d3b776, dram md5hash: 0xcd426140bedbc9176466d7ad763ecec7
2026-Jul-02 23:05:18.172255 240915:240915  INFO  TDRV:ucode_print_hash                        SEQ UCODE IMGs from ucode lib - ENG: pe, iram md5hash: 0xa09af37658b916de7ca91e08c513367d, dram md5hash: 0x64ece29664b8d28c597162ed9f5a07d1
2026-Jul-02 23:05:18.172394 240915:240915  INFO  TDRV:ucode_print_hash                        SEQ UCODE IMGs from ucode lib - ENG: act, iram md5hash: 0x6fd03fc17d631b5b41beeea7c74110b9, dram md5hash: 0xf1d8d02216b4f4fdd31dcfb380a0c08a
2026-Jul-02 23:05:18.172548 240915:240915  INFO  TDRV:ucode_print_hash                        SEQ UCODE IMGs from ucode lib - ENG: pool, iram md5hash: 0x0dec91409be9b137bc5dce1a8c3cde80, dram md5hash: 0xe2478c83875b2cea6a6d2f69e48d90f3
2026-Jul-02 23:05:18.172692 240915:240915  INFO  TDRV:ucode_print_hash                        SEQ UCODE IMGs from ucode lib - ENG: dve, iram md5hash: 0x13aaf7e60a6d939e280cb09623ab7a35, dram md5hash: 0x1ea843a78cc1f76383ed6b372d029214
2026-Jul-02 23:05:18.172848 240915:240915  INFO  TDRV:ucode_print_hash                        SEQ UCODE IMGs from ucode lib - ENG: sp, iram md5hash: 0x97c685359099aa52298e8bb2fc463db2, dram md5hash: 0x1ae53218b284a7f46f99ac4d95443e2f
2026-Jul-02 23:05:18.173054 240915:240915  INFO  TDRV:ucode_print_hash                        SEQ UCODE IMGs from ucode lib - ENG: Q7, iram md5hash: 0xfa068885577109761d814f0966d3b776, dram md5hash: 0xcd426140bedbc9176466d7ad763ecec7
2026-Jul-02 23:05:18.186269 240915:240915  INFO  TDRV:tdrv_init_one_mla_phase2                Initialized vcore: 27
2026-Jul-02 23:05:18.191400 240915:240915  INFO  TDRV:ucode_print_hash                        SEQ UCODE IMGs from ucode lib - ENG: pe, iram md5hash: 0xa09af37658b916de7ca91e08c513367d, dram md5hash: 0x64ece29664b8d28c597162ed9f5a07d1
2026-Jul-02 23:05:18.191534 240915:240915  INFO  TDRV:ucode_print_hash                        SEQ UCODE IMGs from ucode lib - ENG: act, iram md5hash: 0x6fd03fc17d631b5b41beeea7c74110b9, dram md5hash: 0xf1d8d02216b4f4fdd31dcfb380a0c08a
2026-Jul-02 23:05:18.191689 240915:240915  INFO  TDRV:ucode_print_hash                        SEQ UCODE IMGs from ucode lib - ENG: pool, iram md5hash: 0x0dec91409be9b137bc5dce1a8c3cde80, dram md5hash: 0xe2478c83875b2cea6a6d2f69e48d90f3
2026-Jul-02 23:05:18.191850 240915:240915  INFO  TDRV:ucode_print_hash                        SEQ UCODE IMGs from ucode lib - ENG: dve, iram md5hash: 0x13aaf7e60a6d939e280cb09623ab7a35, dram md5hash: 0x1ea843a78cc1f76383ed6b372d029214
2026-Jul-02 23:05:18.192029 240915:240915  INFO  TDRV:ucode_print_hash                        SEQ UCODE IMGs from ucode lib - ENG: sp, iram md5hash: 0x97c685359099aa52298e8bb2fc463db2, dram md5hash: 0x1ae53218b284a7f46f99ac4d95443e2f
2026-Jul-02 23:05:18.192292 240915:240915  INFO  TDRV:ucode_print_hash                        SEQ UCODE IMGs from ucode lib - ENG: Q7, iram md5hash: 0xfa068885577109761d814f0966d3b776, dram md5hash: 0xcd426140bedbc9176466d7ad763ecec7
2026-Jul-02 23:05:18.195074 240915:240915  INFO  TDRV:ucode_print_hash                        SEQ UCODE IMGs from ucode lib - ENG: pe, iram md5hash: 0xa09af37658b916de7ca91e08c513367d, dram md5hash: 0x64ece29664b8d28c597162ed9f5a07d1
2026-Jul-02 23:05:18.195222 240915:240915  INFO  TDRV:ucode_print_hash                        SEQ UCODE IMGs from ucode lib - ENG: act, iram md5hash: 0x6fd03fc17d631b5b41beeea7c74110b9, dram md5hash: 0xf1d8d02216b4f4fdd31dcfb380a0c08a
2026-Jul-02 23:05:18.195378 240915:240915  INFO  TDRV:ucode_print_hash                        SEQ UCODE IMGs from ucode lib - ENG: pool, iram md5hash: 0x0dec91409be9b137bc5dce1a8c3cde80, dram md5hash: 0xe2478c83875b2cea6a6d2f69e48d90f3
2026-Jul-02 23:05:18.195521 240915:240915  INFO  TDRV:ucode_print_hash                        SEQ UCODE IMGs from ucode lib - ENG: dve, iram md5hash: 0x13aaf7e60a6d939e280cb09623ab7a35, dram md5hash: 0x1ea843a78cc1f76383ed6b372d029214
2026-Jul-02 23:05:18.195677 240915:240915  INFO  TDRV:ucode_print_hash                        SEQ UCODE IMGs from ucode lib - ENG: sp, iram md5hash: 0x97c685359099aa52298e8bb2fc463db2, dram md5hash: 0x1ae53218b284a7f46f99ac4d95443e2f
2026-Jul-02 23:05:18.195908 240915:240915  INFO  TDRV:ucode_print_hash                        SEQ UCODE IMGs from ucode lib - ENG: Q7, iram md5hash: 0xfa068885577109761d814f0966d3b776, dram md5hash: 0xcd426140bedbc9176466d7ad763ecec7
2026-Jul-02 23:05:18.209280 240915:240915  INFO  TDRV:tdrv_init_one_mla_phase2                Initialized vcore: 28
2026-Jul-02 23:05:18.215186 240915:240915  INFO  TDRV:ucode_print_hash                        SEQ UCODE IMGs from ucode lib - ENG: pe, iram md5hash: 0xa09af37658b916de7ca91e08c513367d, dram md5hash: 0x64ece29664b8d28c597162ed9f5a07d1
2026-Jul-02 23:05:18.215321 240915:240915  INFO  TDRV:ucode_print_hash                        SEQ UCODE IMGs from ucode lib - ENG: act, iram md5hash: 0x6fd03fc17d631b5b41beeea7c74110b9, dram md5hash: 0xf1d8d02216b4f4fdd31dcfb380a0c08a
2026-Jul-02 23:05:18.215476 240915:240915  INFO  TDRV:ucode_print_hash                        SEQ UCODE IMGs from ucode lib - ENG: pool, iram md5hash: 0x0dec91409be9b137bc5dce1a8c3cde80, dram md5hash: 0xe2478c83875b2cea6a6d2f69e48d90f3
2026-Jul-02 23:05:18.215619 240915:240915  INFO  TDRV:ucode_print_hash                        SEQ UCODE IMGs from ucode lib - ENG: dve, iram md5hash: 0x13aaf7e60a6d939e280cb09623ab7a35, dram md5hash: 0x1ea843a78cc1f76383ed6b372d029214
2026-Jul-02 23:05:18.215775 240915:240915  INFO  TDRV:ucode_print_hash                        SEQ UCODE IMGs from ucode lib - ENG: sp, iram md5hash: 0x97c685359099aa52298e8bb2fc463db2, dram md5hash: 0x1ae53218b284a7f46f99ac4d95443e2f
2026-Jul-02 23:05:18.216022 240915:240915  INFO  TDRV:ucode_print_hash                        SEQ UCODE IMGs from ucode lib - ENG: Q7, iram md5hash: 0xfa068885577109761d814f0966d3b776, dram md5hash: 0xcd426140bedbc9176466d7ad763ecec7
2026-Jul-02 23:05:18.218751 240915:240915  INFO  TDRV:ucode_print_hash                        SEQ UCODE IMGs from ucode lib - ENG: pe, iram md5hash: 0xa09af37658b916de7ca91e08c513367d, dram md5hash: 0x64ece29664b8d28c597162ed9f5a07d1
2026-Jul-02 23:05:18.218885 240915:240915  INFO  TDRV:ucode_print_hash                        SEQ UCODE IMGs from ucode lib - ENG: act, iram md5hash: 0x6fd03fc17d631b5b41beeea7c74110b9, dram md5hash: 0xf1d8d02216b4f4fdd31dcfb380a0c08a
2026-Jul-02 23:05:18.219042 240915:240915  INFO  TDRV:ucode_print_hash                        SEQ UCODE IMGs from ucode lib - ENG: pool, iram md5hash: 0x0dec91409be9b137bc5dce1a8c3cde80, dram md5hash: 0xe2478c83875b2cea6a6d2f69e48d90f3
2026-Jul-02 23:05:18.219200 240915:240915  INFO  TDRV:ucode_print_hash                        SEQ UCODE IMGs from ucode lib - ENG: dve, iram md5hash: 0x13aaf7e60a6d939e280cb09623ab7a35, dram md5hash: 0x1ea843a78cc1f76383ed6b372d029214
2026-Jul-02 23:05:18.219356 240915:240915  INFO  TDRV:ucode_print_hash                        SEQ UCODE IMGs from ucode lib - ENG: sp, iram md5hash: 0x97c685359099aa52298e8bb2fc463db2, dram md5hash: 0x1ae53218b284a7f46f99ac4d95443e2f
2026-Jul-02 23:05:18.219562 240915:240915  INFO  TDRV:ucode_print_hash                        SEQ UCODE IMGs from ucode lib - ENG: Q7, iram md5hash: 0xfa068885577109761d814f0966d3b776, dram md5hash: 0xcd426140bedbc9176466d7ad763ecec7
2026-Jul-02 23:05:18.232857 240915:240915  INFO  TDRV:tdrv_init_one_mla_phase2                Initialized vcore: 29
2026-Jul-02 23:05:18.235802 240915:240915  INFO  TDRV:ucode_print_hash                        SEQ UCODE IMGs from ucode lib - ENG: pe, iram md5hash: 0xa09af37658b916de7ca91e08c513367d, dram md5hash: 0x64ece29664b8d28c597162ed9f5a07d1
2026-Jul-02 23:05:18.235968 240915:240915  INFO  TDRV:ucode_print_hash                        SEQ UCODE IMGs from ucode lib - ENG: act, iram md5hash: 0x6fd03fc17d631b5b41beeea7c74110b9, dram md5hash: 0xf1d8d02216b4f4fdd31dcfb380a0c08a
2026-Jul-02 23:05:18.236165 240915:240915  INFO  TDRV:ucode_print_hash                        SEQ UCODE IMGs from ucode lib - ENG: pool, iram md5hash: 0x0dec91409be9b137bc5dce1a8c3cde80, dram md5hash: 0xe2478c83875b2cea6a6d2f69e48d90f3
2026-Jul-02 23:05:18.236330 240915:240915  INFO  TDRV:ucode_print_hash                        SEQ UCODE IMGs from ucode lib - ENG: dve, iram md5hash: 0x13aaf7e60a6d939e280cb09623ab7a35, dram md5hash: 0x1ea843a78cc1f76383ed6b372d029214
2026-Jul-02 23:05:18.236486 240915:240915  INFO  TDRV:ucode_print_hash                        SEQ UCODE IMGs from ucode lib - ENG: sp, iram md5hash: 0x97c685359099aa52298e8bb2fc463db2, dram md5hash: 0x1ae53218b284a7f46f99ac4d95443e2f
2026-Jul-02 23:05:18.236692 240915:240915  INFO  TDRV:ucode_print_hash                        SEQ UCODE IMGs from ucode lib - ENG: Q7, iram md5hash: 0xfa068885577109761d814f0966d3b776, dram md5hash: 0xcd426140bedbc9176466d7ad763ecec7
2026-Jul-02 23:05:18.239249 240915:240915  INFO  TDRV:ucode_print_hash                        SEQ UCODE IMGs from ucode lib - ENG: pe, iram md5hash: 0xa09af37658b916de7ca91e08c513367d, dram md5hash: 0x64ece29664b8d28c597162ed9f5a07d1
2026-Jul-02 23:05:18.239383 240915:240915  INFO  TDRV:ucode_print_hash                        SEQ UCODE IMGs from ucode lib - ENG: act, iram md5hash: 0x6fd03fc17d631b5b41beeea7c74110b9, dram md5hash: 0xf1d8d02216b4f4fdd31dcfb380a0c08a
2026-Jul-02 23:05:18.239538 240915:240915  INFO  TDRV:ucode_print_hash                        SEQ UCODE IMGs from ucode lib - ENG: pool, iram md5hash: 0x0dec91409be9b137bc5dce1a8c3cde80, dram md5hash: 0xe2478c83875b2cea6a6d2f69e48d90f3
2026-Jul-02 23:05:18.239681 240915:240915  INFO  TDRV:ucode_print_hash                        SEQ UCODE IMGs from ucode lib - ENG: dve, iram md5hash: 0x13aaf7e60a6d939e280cb09623ab7a35, dram md5hash: 0x1ea843a78cc1f76383ed6b372d029214
2026-Jul-02 23:05:18.239854 240915:240915  INFO  TDRV:ucode_print_hash                        SEQ UCODE IMGs from ucode lib - ENG: sp, iram md5hash: 0x97c685359099aa52298e8bb2fc463db2, dram md5hash: 0x1ae53218b284a7f46f99ac4d95443e2f
2026-Jul-02 23:05:18.240089 240915:240915  INFO  TDRV:ucode_print_hash                        SEQ UCODE IMGs from ucode lib - ENG: Q7, iram md5hash: 0xfa068885577109761d814f0966d3b776, dram md5hash: 0xcd426140bedbc9176466d7ad763ecec7
2026-Jul-02 23:05:18.252448 240915:240915  INFO  TDRV:tdrv_init_one_mla_phase2                Initialized vcore: 30
2026-Jul-02 23:05:18.255750 240915:240915  INFO  TDRV:ucode_print_hash                        SEQ UCODE IMGs from ucode lib - ENG: pe, iram md5hash: 0xa09af37658b916de7ca91e08c513367d, dram md5hash: 0x64ece29664b8d28c597162ed9f5a07d1
2026-Jul-02 23:05:18.255909 240915:240915  INFO  TDRV:ucode_print_hash                        SEQ UCODE IMGs from ucode lib - ENG: act, iram md5hash: 0x6fd03fc17d631b5b41beeea7c74110b9, dram md5hash: 0xf1d8d02216b4f4fdd31dcfb380a0c08a
2026-Jul-02 23:05:18.256090 240915:240915  INFO  TDRV:ucode_print_hash                        SEQ UCODE IMGs from ucode lib - ENG: pool, iram md5hash: 0x0dec91409be9b137bc5dce1a8c3cde80, dram md5hash: 0xe2478c83875b2cea6a6d2f69e48d90f3
2026-Jul-02 23:05:18.256272 240915:240915  INFO  TDRV:ucode_print_hash                        SEQ UCODE IMGs from ucode lib - ENG: dve, iram md5hash: 0x13aaf7e60a6d939e280cb09623ab7a35, dram md5hash: 0x1ea843a78cc1f76383ed6b372d029214
2026-Jul-02 23:05:18.256458 240915:240915  INFO  TDRV:ucode_print_hash                        SEQ UCODE IMGs from ucode lib - ENG: sp, iram md5hash: 0x97c685359099aa52298e8bb2fc463db2, dram md5hash: 0x1ae53218b284a7f46f99ac4d95443e2f
2026-Jul-02 23:05:18.256676 240915:240915  INFO  TDRV:ucode_print_hash                        SEQ UCODE IMGs from ucode lib - ENG: Q7, iram md5hash: 0xfa068885577109761d814f0966d3b776, dram md5hash: 0xcd426140bedbc9176466d7ad763ecec7
2026-Jul-02 23:05:18.259189 240915:240915  INFO  TDRV:ucode_print_hash                        SEQ UCODE IMGs from ucode lib - ENG: pe, iram md5hash: 0xa09af37658b916de7ca91e08c513367d, dram md5hash: 0x64ece29664b8d28c597162ed9f5a07d1
2026-Jul-02 23:05:18.259323 240915:240915  INFO  TDRV:ucode_print_hash                        SEQ UCODE IMGs from ucode lib - ENG: act, iram md5hash: 0x6fd03fc17d631b5b41beeea7c74110b9, dram md5hash: 0xf1d8d02216b4f4fdd31dcfb380a0c08a
2026-Jul-02 23:05:18.259478 240915:240915  INFO  TDRV:ucode_print_hash                        SEQ UCODE IMGs from ucode lib - ENG: pool, iram md5hash: 0x0dec91409be9b137bc5dce1a8c3cde80, dram md5hash: 0xe2478c83875b2cea6a6d2f69e48d90f3
2026-Jul-02 23:05:18.259621 240915:240915  INFO  TDRV:ucode_print_hash                        SEQ UCODE IMGs from ucode lib - ENG: dve, iram md5hash: 0x13aaf7e60a6d939e280cb09623ab7a35, dram md5hash: 0x1ea843a78cc1f76383ed6b372d029214
2026-Jul-02 23:05:18.259777 240915:240915  INFO  TDRV:ucode_print_hash                        SEQ UCODE IMGs from ucode lib - ENG: sp, iram md5hash: 0x97c685359099aa52298e8bb2fc463db2, dram md5hash: 0x1ae53218b284a7f46f99ac4d95443e2f
2026-Jul-02 23:05:18.260029 240915:240915  INFO  TDRV:ucode_print_hash                        SEQ UCODE IMGs from ucode lib - ENG: Q7, iram md5hash: 0xfa068885577109761d814f0966d3b776, dram md5hash: 0xcd426140bedbc9176466d7ad763ecec7
2026-Jul-02 23:05:18.272069 240915:240915  INFO  TDRV:tdrv_init_one_mla_phase2                Initialized vcore: 31
2026-Jul-02 23:05:18.277999 240915:240915  INFO  TDRV:ucode_print_hash                        SEQ UCODE IMGs from ucode lib - ENG: pe, iram md5hash: 0xa09af37658b916de7ca91e08c513367d, dram md5hash: 0x64ece29664b8d28c597162ed9f5a07d1
2026-Jul-02 23:05:18.278134 240915:240915  INFO  TDRV:ucode_print_hash                        SEQ UCODE IMGs from ucode lib - ENG: act, iram md5hash: 0x6fd03fc17d631b5b41beeea7c74110b9, dram md5hash: 0xf1d8d02216b4f4fdd31dcfb380a0c08a
2026-Jul-02 23:05:18.278300 240915:240915  INFO  TDRV:ucode_print_hash                        SEQ UCODE IMGs from ucode lib - ENG: pool, iram md5hash: 0x0dec91409be9b137bc5dce1a8c3cde80, dram md5hash: 0xe2478c83875b2cea6a6d2f69e48d90f3
2026-Jul-02 23:05:18.278444 240915:240915  INFO  TDRV:ucode_print_hash                        SEQ UCODE IMGs from ucode lib - ENG: dve, iram md5hash: 0x13aaf7e60a6d939e280cb09623ab7a35, dram md5hash: 0x1ea843a78cc1f76383ed6b372d029214
2026-Jul-02 23:05:18.278600 240915:240915  INFO  TDRV:ucode_print_hash                        SEQ UCODE IMGs from ucode lib - ENG: sp, iram md5hash: 0x97c685359099aa52298e8bb2fc463db2, dram md5hash: 0x1ae53218b284a7f46f99ac4d95443e2f
2026-Jul-02 23:05:18.278809 240915:240915  INFO  TDRV:ucode_print_hash                        SEQ UCODE IMGs from ucode lib - ENG: Q7, iram md5hash: 0xfa068885577109761d814f0966d3b776, dram md5hash: 0xcd426140bedbc9176466d7ad763ecec7
2026-Jul-02 23:05:18.281608 240915:240915  INFO  TDRV:ucode_print_hash                        SEQ UCODE IMGs from ucode lib - ENG: pe, iram md5hash: 0xa09af37658b916de7ca91e08c513367d, dram md5hash: 0x64ece29664b8d28c597162ed9f5a07d1
2026-Jul-02 23:05:18.281743 240915:240915  INFO  TDRV:ucode_print_hash                        SEQ UCODE IMGs from ucode lib - ENG: act, iram md5hash: 0x6fd03fc17d631b5b41beeea7c74110b9, dram md5hash: 0xf1d8d02216b4f4fdd31dcfb380a0c08a
2026-Jul-02 23:05:18.281898 240915:240915  INFO  TDRV:ucode_print_hash                        SEQ UCODE IMGs from ucode lib - ENG: pool, iram md5hash: 0x0dec91409be9b137bc5dce1a8c3cde80, dram md5hash: 0xe2478c83875b2cea6a6d2f69e48d90f3
2026-Jul-02 23:05:18.282041 240915:240915  INFO  TDRV:ucode_print_hash                        SEQ UCODE IMGs from ucode lib - ENG: dve, iram md5hash: 0x13aaf7e60a6d939e280cb09623ab7a35, dram md5hash: 0x1ea843a78cc1f76383ed6b372d029214
2026-Jul-02 23:05:18.282212 240915:240915  INFO  TDRV:ucode_print_hash                        SEQ UCODE IMGs from ucode lib - ENG: sp, iram md5hash: 0x97c685359099aa52298e8bb2fc463db2, dram md5hash: 0x1ae53218b284a7f46f99ac4d95443e2f
2026-Jul-02 23:05:18.282419 240915:240915  INFO  TDRV:ucode_print_hash                        SEQ UCODE IMGs from ucode lib - ENG: Q7, iram md5hash: 0xfa068885577109761d814f0966d3b776, dram md5hash: 0xcd426140bedbc9176466d7ad763ecec7
2026-Jul-02 23:05:18.295963 240915:240915  INFO  TDRV:tdrv_init_one_mla_phase2                Initialized vcore: 32
2026-Jul-02 23:05:18.301133 240915:240915  INFO  TDRV:ucode_print_hash                        SEQ UCODE IMGs from ucode lib - ENG: pe, iram md5hash: 0xa09af37658b916de7ca91e08c513367d, dram md5hash: 0x64ece29664b8d28c597162ed9f5a07d1
2026-Jul-02 23:05:18.301277 240915:240915  INFO  TDRV:ucode_print_hash                        SEQ UCODE IMGs from ucode lib - ENG: act, iram md5hash: 0x6fd03fc17d631b5b41beeea7c74110b9, dram md5hash: 0xf1d8d02216b4f4fdd31dcfb380a0c08a
2026-Jul-02 23:05:18.301432 240915:240915  INFO  TDRV:ucode_print_hash                        SEQ UCODE IMGs from ucode lib - ENG: pool, iram md5hash: 0x0dec91409be9b137bc5dce1a8c3cde80, dram md5hash: 0xe2478c83875b2cea6a6d2f69e48d90f3
2026-Jul-02 23:05:18.301576 240915:240915  INFO  TDRV:ucode_print_hash                        SEQ UCODE IMGs from ucode lib - ENG: dve, iram md5hash: 0x13aaf7e60a6d939e280cb09623ab7a35, dram md5hash: 0x1ea843a78cc1f76383ed6b372d029214
2026-Jul-02 23:05:18.301732 240915:240915  INFO  TDRV:ucode_print_hash                        SEQ UCODE IMGs from ucode lib - ENG: sp, iram md5hash: 0x97c685359099aa52298e8bb2fc463db2, dram md5hash: 0x1ae53218b284a7f46f99ac4d95443e2f
2026-Jul-02 23:05:18.301937 240915:240915  INFO  TDRV:ucode_print_hash                        SEQ UCODE IMGs from ucode lib - ENG: Q7, iram md5hash: 0xfa068885577109761d814f0966d3b776, dram md5hash: 0xcd426140bedbc9176466d7ad763ecec7
2026-Jul-02 23:05:18.304709 240915:240915  INFO  TDRV:ucode_print_hash                        SEQ UCODE IMGs from ucode lib - ENG: pe, iram md5hash: 0xa09af37658b916de7ca91e08c513367d, dram md5hash: 0x64ece29664b8d28c597162ed9f5a07d1
2026-Jul-02 23:05:18.304851 240915:240915  INFO  TDRV:ucode_print_hash                        SEQ UCODE IMGs from ucode lib - ENG: act, iram md5hash: 0x6fd03fc17d631b5b41beeea7c74110b9, dram md5hash: 0xf1d8d02216b4f4fdd31dcfb380a0c08a
2026-Jul-02 23:05:18.305008 240915:240915  INFO  TDRV:ucode_print_hash                        SEQ UCODE IMGs from ucode lib - ENG: pool, iram md5hash: 0x0dec91409be9b137bc5dce1a8c3cde80, dram md5hash: 0xe2478c83875b2cea6a6d2f69e48d90f3
2026-Jul-02 23:05:18.305166 240915:240915  INFO  TDRV:ucode_print_hash                        SEQ UCODE IMGs from ucode lib - ENG: dve, iram md5hash: 0x13aaf7e60a6d939e280cb09623ab7a35, dram md5hash: 0x1ea843a78cc1f76383ed6b372d029214
2026-Jul-02 23:05:18.305325 240915:240915  INFO  TDRV:ucode_print_hash                        SEQ UCODE IMGs from ucode lib - ENG: sp, iram md5hash: 0x97c685359099aa52298e8bb2fc463db2, dram md5hash: 0x1ae53218b284a7f46f99ac4d95443e2f
2026-Jul-02 23:05:18.305531 240915:240915  INFO  TDRV:ucode_print_hash                        SEQ UCODE IMGs from ucode lib - ENG: Q7, iram md5hash: 0xfa068885577109761d814f0966d3b776, dram md5hash: 0xcd426140bedbc9176466d7ad763ecec7
2026-Jul-02 23:05:18.318699 240915:240915  INFO  TDRV:tdrv_init_one_mla_phase2                Initialized vcore: 33
2026-Jul-02 23:05:18.322045 240915:240915  INFO  TDRV:ucode_print_hash                        SEQ UCODE IMGs from ucode lib - ENG: pe, iram md5hash: 0xa09af37658b916de7ca91e08c513367d, dram md5hash: 0x64ece29664b8d28c597162ed9f5a07d1
2026-Jul-02 23:05:18.322189 240915:240915  INFO  TDRV:ucode_print_hash                        SEQ UCODE IMGs from ucode lib - ENG: act, iram md5hash: 0x6fd03fc17d631b5b41beeea7c74110b9, dram md5hash: 0xf1d8d02216b4f4fdd31dcfb380a0c08a
2026-Jul-02 23:05:18.322344 240915:240915  INFO  TDRV:ucode_print_hash                        SEQ UCODE IMGs from ucode lib - ENG: pool, iram md5hash: 0x0dec91409be9b137bc5dce1a8c3cde80, dram md5hash: 0xe2478c83875b2cea6a6d2f69e48d90f3
2026-Jul-02 23:05:18.322488 240915:240915  INFO  TDRV:ucode_print_hash                        SEQ UCODE IMGs from ucode lib - ENG: dve, iram md5hash: 0x13aaf7e60a6d939e280cb09623ab7a35, dram md5hash: 0x1ea843a78cc1f76383ed6b372d029214
2026-Jul-02 23:05:18.322644 240915:240915  INFO  TDRV:ucode_print_hash                        SEQ UCODE IMGs from ucode lib - ENG: sp, iram md5hash: 0x97c685359099aa52298e8bb2fc463db2, dram md5hash: 0x1ae53218b284a7f46f99ac4d95443e2f
2026-Jul-02 23:05:18.322850 240915:240915  INFO  TDRV:ucode_print_hash                        SEQ UCODE IMGs from ucode lib - ENG: Q7, iram md5hash: 0xfa068885577109761d814f0966d3b776, dram md5hash: 0xcd426140bedbc9176466d7ad763ecec7
2026-Jul-02 23:05:18.325480 240915:240915  INFO  TDRV:ucode_print_hash                        SEQ UCODE IMGs from ucode lib - ENG: pe, iram md5hash: 0xa09af37658b916de7ca91e08c513367d, dram md5hash: 0x64ece29664b8d28c597162ed9f5a07d1
2026-Jul-02 23:05:18.325615 240915:240915  INFO  TDRV:ucode_print_hash                        SEQ UCODE IMGs from ucode lib - ENG: act, iram md5hash: 0x6fd03fc17d631b5b41beeea7c74110b9, dram md5hash: 0xf1d8d02216b4f4fdd31dcfb380a0c08a
2026-Jul-02 23:05:18.325770 240915:240915  INFO  TDRV:ucode_print_hash                        SEQ UCODE IMGs from ucode lib - ENG: pool, iram md5hash: 0x0dec91409be9b137bc5dce1a8c3cde80, dram md5hash: 0xe2478c83875b2cea6a6d2f69e48d90f3
2026-Jul-02 23:05:18.325913 240915:240915  INFO  TDRV:ucode_print_hash                        SEQ UCODE IMGs from ucode lib - ENG: dve, iram md5hash: 0x13aaf7e60a6d939e280cb09623ab7a35, dram md5hash: 0x1ea843a78cc1f76383ed6b372d029214
2026-Jul-02 23:05:18.326069 240915:240915  INFO  TDRV:ucode_print_hash                        SEQ UCODE IMGs from ucode lib - ENG: sp, iram md5hash: 0x97c685359099aa52298e8bb2fc463db2, dram md5hash: 0x1ae53218b284a7f46f99ac4d95443e2f
2026-Jul-02 23:05:18.326288 240915:240915  INFO  TDRV:ucode_print_hash                        SEQ UCODE IMGs from ucode lib - ENG: Q7, iram md5hash: 0xfa068885577109761d814f0966d3b776, dram md5hash: 0xcd426140bedbc9176466d7ad763ecec7
2026-Jul-02 23:05:18.338408 240915:240915  INFO  TDRV:tdrv_init_one_mla_phase2                Initialized vcore: 34
2026-Jul-02 23:05:18.341369 240915:240915  INFO  TDRV:ucode_print_hash                        SEQ UCODE IMGs from ucode lib - ENG: pe, iram md5hash: 0xa09af37658b916de7ca91e08c513367d, dram md5hash: 0x64ece29664b8d28c597162ed9f5a07d1
2026-Jul-02 23:05:18.341503 240915:240915  INFO  TDRV:ucode_print_hash                        SEQ UCODE IMGs from ucode lib - ENG: act, iram md5hash: 0x6fd03fc17d631b5b41beeea7c74110b9, dram md5hash: 0xf1d8d02216b4f4fdd31dcfb380a0c08a
2026-Jul-02 23:05:18.341661 240915:240915  INFO  TDRV:ucode_print_hash                        SEQ UCODE IMGs from ucode lib - ENG: pool, iram md5hash: 0x0dec91409be9b137bc5dce1a8c3cde80, dram md5hash: 0xe2478c83875b2cea6a6d2f69e48d90f3
2026-Jul-02 23:05:18.341883 240915:240915  INFO  TDRV:ucode_print_hash                        SEQ UCODE IMGs from ucode lib - ENG: dve, iram md5hash: 0x13aaf7e60a6d939e280cb09623ab7a35, dram md5hash: 0x1ea843a78cc1f76383ed6b372d029214
2026-Jul-02 23:05:18.342039 240915:240915  INFO  TDRV:ucode_print_hash                        SEQ UCODE IMGs from ucode lib - ENG: sp, iram md5hash: 0x97c685359099aa52298e8bb2fc463db2, dram md5hash: 0x1ae53218b284a7f46f99ac4d95443e2f
2026-Jul-02 23:05:18.342260 240915:240915  INFO  TDRV:ucode_print_hash                        SEQ UCODE IMGs from ucode lib - ENG: Q7, iram md5hash: 0xfa068885577109761d814f0966d3b776, dram md5hash: 0xcd426140bedbc9176466d7ad763ecec7
2026-Jul-02 23:05:18.344884 240915:240915  INFO  TDRV:ucode_print_hash                        SEQ UCODE IMGs from ucode lib - ENG: pe, iram md5hash: 0xa09af37658b916de7ca91e08c513367d, dram md5hash: 0x64ece29664b8d28c597162ed9f5a07d1
2026-Jul-02 23:05:18.345019 240915:240915  INFO  TDRV:ucode_print_hash                        SEQ UCODE IMGs from ucode lib - ENG: act, iram md5hash: 0x6fd03fc17d631b5b41beeea7c74110b9, dram md5hash: 0xf1d8d02216b4f4fdd31dcfb380a0c08a
2026-Jul-02 23:05:18.345189 240915:240915  INFO  TDRV:ucode_print_hash                        SEQ UCODE IMGs from ucode lib - ENG: pool, iram md5hash: 0x0dec91409be9b137bc5dce1a8c3cde80, dram md5hash: 0xe2478c83875b2cea6a6d2f69e48d90f3
2026-Jul-02 23:05:18.345334 240915:240915  INFO  TDRV:ucode_print_hash                        SEQ UCODE IMGs from ucode lib - ENG: dve, iram md5hash: 0x13aaf7e60a6d939e280cb09623ab7a35, dram md5hash: 0x1ea843a78cc1f76383ed6b372d029214
2026-Jul-02 23:05:18.345490 240915:240915  INFO  TDRV:ucode_print_hash                        SEQ UCODE IMGs from ucode lib - ENG: sp, iram md5hash: 0x97c685359099aa52298e8bb2fc463db2, dram md5hash: 0x1ae53218b284a7f46f99ac4d95443e2f
2026-Jul-02 23:05:18.345696 240915:240915  INFO  TDRV:ucode_print_hash                        SEQ UCODE IMGs from ucode lib - ENG: Q7, iram md5hash: 0xfa068885577109761d814f0966d3b776, dram md5hash: 0xcd426140bedbc9176466d7ad763ecec7
2026-Jul-02 23:05:18.358087 240915:240915  INFO  TDRV:tdrv_init_one_mla_phase2                Initialized vcore: 35
2026-Jul-02 23:05:18.361436 240915:240915  INFO  TDRV:ucode_print_hash                        SEQ UCODE IMGs from ucode lib - ENG: pe, iram md5hash: 0xa09af37658b916de7ca91e08c513367d, dram md5hash: 0x64ece29664b8d28c597162ed9f5a07d1
2026-Jul-02 23:05:18.361571 240915:240915  INFO  TDRV:ucode_print_hash                        SEQ UCODE IMGs from ucode lib - ENG: act, iram md5hash: 0x6fd03fc17d631b5b41beeea7c74110b9, dram md5hash: 0xf1d8d02216b4f4fdd31dcfb380a0c08a
2026-Jul-02 23:05:18.361726 240915:240915  INFO  TDRV:ucode_print_hash                        SEQ UCODE IMGs from ucode lib - ENG: pool, iram md5hash: 0x0dec91409be9b137bc5dce1a8c3cde80, dram md5hash: 0xe2478c83875b2cea6a6d2f69e48d90f3
2026-Jul-02 23:05:18.361870 240915:240915  INFO  TDRV:ucode_print_hash                        SEQ UCODE IMGs from ucode lib - ENG: dve, iram md5hash: 0x13aaf7e60a6d939e280cb09623ab7a35, dram md5hash: 0x1ea843a78cc1f76383ed6b372d029214
2026-Jul-02 23:05:18.362026 240915:240915  INFO  TDRV:ucode_print_hash                        SEQ UCODE IMGs from ucode lib - ENG: sp, iram md5hash: 0x97c685359099aa52298e8bb2fc463db2, dram md5hash: 0x1ae53218b284a7f46f99ac4d95443e2f
2026-Jul-02 23:05:18.362242 240915:240915  INFO  TDRV:ucode_print_hash                        SEQ UCODE IMGs from ucode lib - ENG: Q7, iram md5hash: 0xfa068885577109761d814f0966d3b776, dram md5hash: 0xcd426140bedbc9176466d7ad763ecec7
2026-Jul-02 23:05:18.364828 240915:240915  INFO  TDRV:ucode_print_hash                        SEQ UCODE IMGs from ucode lib - ENG: pe, iram md5hash: 0xa09af37658b916de7ca91e08c513367d, dram md5hash: 0x64ece29664b8d28c597162ed9f5a07d1
2026-Jul-02 23:05:18.364966 240915:240915  INFO  TDRV:ucode_print_hash                        SEQ UCODE IMGs from ucode lib - ENG: act, iram md5hash: 0x6fd03fc17d631b5b41beeea7c74110b9, dram md5hash: 0xf1d8d02216b4f4fdd31dcfb380a0c08a
2026-Jul-02 23:05:18.365121 240915:240915  INFO  TDRV:ucode_print_hash                        SEQ UCODE IMGs from ucode lib - ENG: pool, iram md5hash: 0x0dec91409be9b137bc5dce1a8c3cde80, dram md5hash: 0xe2478c83875b2cea6a6d2f69e48d90f3
2026-Jul-02 23:05:18.365275 240915:240915  INFO  TDRV:ucode_print_hash                        SEQ UCODE IMGs from ucode lib - ENG: dve, iram md5hash: 0x13aaf7e60a6d939e280cb09623ab7a35, dram md5hash: 0x1ea843a78cc1f76383ed6b372d029214
2026-Jul-02 23:05:18.365432 240915:240915  INFO  TDRV:ucode_print_hash                        SEQ UCODE IMGs from ucode lib - ENG: sp, iram md5hash: 0x97c685359099aa52298e8bb2fc463db2, dram md5hash: 0x1ae53218b284a7f46f99ac4d95443e2f
2026-Jul-02 23:05:18.365638 240915:240915  INFO  TDRV:ucode_print_hash                        SEQ UCODE IMGs from ucode lib - ENG: Q7, iram md5hash: 0xfa068885577109761d814f0966d3b776, dram md5hash: 0xcd426140bedbc9176466d7ad763ecec7
2026-Jul-02 23:05:18.377876 240915:240915  INFO  TDRV:tdrv_init_one_mla_phase2                Initialized vcore: 36
2026-Jul-02 23:05:18.380856 240915:240915  INFO  TDRV:ucode_print_hash                        SEQ UCODE IMGs from ucode lib - ENG: pe, iram md5hash: 0xa09af37658b916de7ca91e08c513367d, dram md5hash: 0x64ece29664b8d28c597162ed9f5a07d1
2026-Jul-02 23:05:18.380990 240915:240915  INFO  TDRV:ucode_print_hash                        SEQ UCODE IMGs from ucode lib - ENG: act, iram md5hash: 0x6fd03fc17d631b5b41beeea7c74110b9, dram md5hash: 0xf1d8d02216b4f4fdd31dcfb380a0c08a
2026-Jul-02 23:05:18.381145 240915:240915  INFO  TDRV:ucode_print_hash                        SEQ UCODE IMGs from ucode lib - ENG: pool, iram md5hash: 0x0dec91409be9b137bc5dce1a8c3cde80, dram md5hash: 0xe2478c83875b2cea6a6d2f69e48d90f3
2026-Jul-02 23:05:18.381297 240915:240915  INFO  TDRV:ucode_print_hash                        SEQ UCODE IMGs from ucode lib - ENG: dve, iram md5hash: 0x13aaf7e60a6d939e280cb09623ab7a35, dram md5hash: 0x1ea843a78cc1f76383ed6b372d029214
2026-Jul-02 23:05:18.381454 240915:240915  INFO  TDRV:ucode_print_hash                        SEQ UCODE IMGs from ucode lib - ENG: sp, iram md5hash: 0x97c685359099aa52298e8bb2fc463db2, dram md5hash: 0x1ae53218b284a7f46f99ac4d95443e2f
2026-Jul-02 23:05:18.381660 240915:240915  INFO  TDRV:ucode_print_hash                        SEQ UCODE IMGs from ucode lib - ENG: Q7, iram md5hash: 0xfa068885577109761d814f0966d3b776, dram md5hash: 0xcd426140bedbc9176466d7ad763ecec7
2026-Jul-02 23:05:18.384296 240915:240915  INFO  TDRV:ucode_print_hash                        SEQ UCODE IMGs from ucode lib - ENG: pe, iram md5hash: 0xa09af37658b916de7ca91e08c513367d, dram md5hash: 0x64ece29664b8d28c597162ed9f5a07d1
2026-Jul-02 23:05:18.384431 240915:240915  INFO  TDRV:ucode_print_hash                        SEQ UCODE IMGs from ucode lib - ENG: act, iram md5hash: 0x6fd03fc17d631b5b41beeea7c74110b9, dram md5hash: 0xf1d8d02216b4f4fdd31dcfb380a0c08a
2026-Jul-02 23:05:18.384586 240915:240915  INFO  TDRV:ucode_print_hash                        SEQ UCODE IMGs from ucode lib - ENG: pool, iram md5hash: 0x0dec91409be9b137bc5dce1a8c3cde80, dram md5hash: 0xe2478c83875b2cea6a6d2f69e48d90f3
2026-Jul-02 23:05:18.384729 240915:240915  INFO  TDRV:ucode_print_hash                        SEQ UCODE IMGs from ucode lib - ENG: dve, iram md5hash: 0x13aaf7e60a6d939e280cb09623ab7a35, dram md5hash: 0x1ea843a78cc1f76383ed6b372d029214
2026-Jul-02 23:05:18.384885 240915:240915  INFO  TDRV:ucode_print_hash                        SEQ UCODE IMGs from ucode lib - ENG: sp, iram md5hash: 0x97c685359099aa52298e8bb2fc463db2, dram md5hash: 0x1ae53218b284a7f46f99ac4d95443e2f
2026-Jul-02 23:05:18.385091 240915:240915  INFO  TDRV:ucode_print_hash                        SEQ UCODE IMGs from ucode lib - ENG: Q7, iram md5hash: 0xfa068885577109761d814f0966d3b776, dram md5hash: 0xcd426140bedbc9176466d7ad763ecec7
2026-Jul-02 23:05:18.397554 240915:240915  INFO  TDRV:tdrv_init_one_mla_phase2                Initialized vcore: 37
2026-Jul-02 23:05:18.403463 240915:240915  INFO  TDRV:ucode_print_hash                        SEQ UCODE IMGs from ucode lib - ENG: pe, iram md5hash: 0xa09af37658b916de7ca91e08c513367d, dram md5hash: 0x64ece29664b8d28c597162ed9f5a07d1
2026-Jul-02 23:05:18.403597 240915:240915  INFO  TDRV:ucode_print_hash                        SEQ UCODE IMGs from ucode lib - ENG: act, iram md5hash: 0x6fd03fc17d631b5b41beeea7c74110b9, dram md5hash: 0xf1d8d02216b4f4fdd31dcfb380a0c08a
2026-Jul-02 23:05:18.403752 240915:240915  INFO  TDRV:ucode_print_hash                        SEQ UCODE IMGs from ucode lib - ENG: pool, iram md5hash: 0x0dec91409be9b137bc5dce1a8c3cde80, dram md5hash: 0xe2478c83875b2cea6a6d2f69e48d90f3
2026-Jul-02 23:05:18.403921 240915:240915  INFO  TDRV:ucode_print_hash                        SEQ UCODE IMGs from ucode lib - ENG: dve, iram md5hash: 0x13aaf7e60a6d939e280cb09623ab7a35, dram md5hash: 0x1ea843a78cc1f76383ed6b372d029214
2026-Jul-02 23:05:18.404107 240915:240915  INFO  TDRV:ucode_print_hash                        SEQ UCODE IMGs from ucode lib - ENG: sp, iram md5hash: 0x97c685359099aa52298e8bb2fc463db2, dram md5hash: 0x1ae53218b284a7f46f99ac4d95443e2f
2026-Jul-02 23:05:18.404355 240915:240915  INFO  TDRV:ucode_print_hash                        SEQ UCODE IMGs from ucode lib - ENG: Q7, iram md5hash: 0xfa068885577109761d814f0966d3b776, dram md5hash: 0xcd426140bedbc9176466d7ad763ecec7
2026-Jul-02 23:05:18.406977 240915:240915  INFO  TDRV:ucode_print_hash                        SEQ UCODE IMGs from ucode lib - ENG: pe, iram md5hash: 0xa09af37658b916de7ca91e08c513367d, dram md5hash: 0x64ece29664b8d28c597162ed9f5a07d1
2026-Jul-02 23:05:18.407112 240915:240915  INFO  TDRV:ucode_print_hash                        SEQ UCODE IMGs from ucode lib - ENG: act, iram md5hash: 0x6fd03fc17d631b5b41beeea7c74110b9, dram md5hash: 0xf1d8d02216b4f4fdd31dcfb380a0c08a
2026-Jul-02 23:05:18.407280 240915:240915  INFO  TDRV:ucode_print_hash                        SEQ UCODE IMGs from ucode lib - ENG: pool, iram md5hash: 0x0dec91409be9b137bc5dce1a8c3cde80, dram md5hash: 0xe2478c83875b2cea6a6d2f69e48d90f3
2026-Jul-02 23:05:18.407425 240915:240915  INFO  TDRV:ucode_print_hash                        SEQ UCODE IMGs from ucode lib - ENG: dve, iram md5hash: 0x13aaf7e60a6d939e280cb09623ab7a35, dram md5hash: 0x1ea843a78cc1f76383ed6b372d029214
2026-Jul-02 23:05:18.407581 240915:240915  INFO  TDRV:ucode_print_hash                        SEQ UCODE IMGs from ucode lib - ENG: sp, iram md5hash: 0x97c685359099aa52298e8bb2fc463db2, dram md5hash: 0x1ae53218b284a7f46f99ac4d95443e2f
2026-Jul-02 23:05:18.407788 240915:240915  INFO  TDRV:ucode_print_hash                        SEQ UCODE IMGs from ucode lib - ENG: Q7, iram md5hash: 0xfa068885577109761d814f0966d3b776, dram md5hash: 0xcd426140bedbc9176466d7ad763ecec7
2026-Jul-02 23:05:18.421342 240915:240915  INFO  TDRV:tdrv_init_one_mla_phase2                Initialized vcore: 38
2026-Jul-02 23:05:18.426461 240915:240915  INFO  TDRV:ucode_print_hash                        SEQ UCODE IMGs from ucode lib - ENG: pe, iram md5hash: 0xa09af37658b916de7ca91e08c513367d, dram md5hash: 0x64ece29664b8d28c597162ed9f5a07d1
2026-Jul-02 23:05:18.426595 240915:240915  INFO  TDRV:ucode_print_hash                        SEQ UCODE IMGs from ucode lib - ENG: act, iram md5hash: 0x6fd03fc17d631b5b41beeea7c74110b9, dram md5hash: 0xf1d8d02216b4f4fdd31dcfb380a0c08a
2026-Jul-02 23:05:18.426750 240915:240915  INFO  TDRV:ucode_print_hash                        SEQ UCODE IMGs from ucode lib - ENG: pool, iram md5hash: 0x0dec91409be9b137bc5dce1a8c3cde80, dram md5hash: 0xe2478c83875b2cea6a6d2f69e48d90f3
2026-Jul-02 23:05:18.426893 240915:240915  INFO  TDRV:ucode_print_hash                        SEQ UCODE IMGs from ucode lib - ENG: dve, iram md5hash: 0x13aaf7e60a6d939e280cb09623ab7a35, dram md5hash: 0x1ea843a78cc1f76383ed6b372d029214
2026-Jul-02 23:05:18.427049 240915:240915  INFO  TDRV:ucode_print_hash                        SEQ UCODE IMGs from ucode lib - ENG: sp, iram md5hash: 0x97c685359099aa52298e8bb2fc463db2, dram md5hash: 0x1ae53218b284a7f46f99ac4d95443e2f
2026-Jul-02 23:05:18.427270 240915:240915  INFO  TDRV:ucode_print_hash                        SEQ UCODE IMGs from ucode lib - ENG: Q7, iram md5hash: 0xfa068885577109761d814f0966d3b776, dram md5hash: 0xcd426140bedbc9176466d7ad763ecec7
2026-Jul-02 23:05:18.430029 240915:240915  INFO  TDRV:ucode_print_hash                        SEQ UCODE IMGs from ucode lib - ENG: pe, iram md5hash: 0xa09af37658b916de7ca91e08c513367d, dram md5hash: 0x64ece29664b8d28c597162ed9f5a07d1
2026-Jul-02 23:05:18.430179 240915:240915  INFO  TDRV:ucode_print_hash                        SEQ UCODE IMGs from ucode lib - ENG: act, iram md5hash: 0x6fd03fc17d631b5b41beeea7c74110b9, dram md5hash: 0xf1d8d02216b4f4fdd31dcfb380a0c08a
2026-Jul-02 23:05:18.430335 240915:240915  INFO  TDRV:ucode_print_hash                        SEQ UCODE IMGs from ucode lib - ENG: pool, iram md5hash: 0x0dec91409be9b137bc5dce1a8c3cde80, dram md5hash: 0xe2478c83875b2cea6a6d2f69e48d90f3
2026-Jul-02 23:05:18.430479 240915:240915  INFO  TDRV:ucode_print_hash                        SEQ UCODE IMGs from ucode lib - ENG: dve, iram md5hash: 0x13aaf7e60a6d939e280cb09623ab7a35, dram md5hash: 0x1ea843a78cc1f76383ed6b372d029214
2026-Jul-02 23:05:18.430635 240915:240915  INFO  TDRV:ucode_print_hash                        SEQ UCODE IMGs from ucode lib - ENG: sp, iram md5hash: 0x97c685359099aa52298e8bb2fc463db2, dram md5hash: 0x1ae53218b284a7f46f99ac4d95443e2f
2026-Jul-02 23:05:18.430841 240915:240915  INFO  TDRV:ucode_print_hash                        SEQ UCODE IMGs from ucode lib - ENG: Q7, iram md5hash: 0xfa068885577109761d814f0966d3b776, dram md5hash: 0xcd426140bedbc9176466d7ad763ecec7
2026-Jul-02 23:05:18.444302 240915:240915  INFO  TDRV:tdrv_init_one_mla_phase2                Initialized vcore: 39
2026-Jul-02 23:05:18.450221 240915:240915  INFO  TDRV:ucode_print_hash                        SEQ UCODE IMGs from ucode lib - ENG: pe, iram md5hash: 0xa09af37658b916de7ca91e08c513367d, dram md5hash: 0x64ece29664b8d28c597162ed9f5a07d1
2026-Jul-02 23:05:18.450355 240915:240915  INFO  TDRV:ucode_print_hash                        SEQ UCODE IMGs from ucode lib - ENG: act, iram md5hash: 0x6fd03fc17d631b5b41beeea7c74110b9, dram md5hash: 0xf1d8d02216b4f4fdd31dcfb380a0c08a
2026-Jul-02 23:05:18.450510 240915:240915  INFO  TDRV:ucode_print_hash                        SEQ UCODE IMGs from ucode lib - ENG: pool, iram md5hash: 0x0dec91409be9b137bc5dce1a8c3cde80, dram md5hash: 0xe2478c83875b2cea6a6d2f69e48d90f3
2026-Jul-02 23:05:18.450653 240915:240915  INFO  TDRV:ucode_print_hash                        SEQ UCODE IMGs from ucode lib - ENG: dve, iram md5hash: 0x13aaf7e60a6d939e280cb09623ab7a35, dram md5hash: 0x1ea843a78cc1f76383ed6b372d029214
2026-Jul-02 23:05:18.450809 240915:240915  INFO  TDRV:ucode_print_hash                        SEQ UCODE IMGs from ucode lib - ENG: sp, iram md5hash: 0x97c685359099aa52298e8bb2fc463db2, dram md5hash: 0x1ae53218b284a7f46f99ac4d95443e2f
2026-Jul-02 23:05:18.451015 240915:240915  INFO  TDRV:ucode_print_hash                        SEQ UCODE IMGs from ucode lib - ENG: Q7, iram md5hash: 0xfa068885577109761d814f0966d3b776, dram md5hash: 0xcd426140bedbc9176466d7ad763ecec7
2026-Jul-02 23:05:18.453782 240915:240915  INFO  TDRV:ucode_print_hash                        SEQ UCODE IMGs from ucode lib - ENG: pe, iram md5hash: 0xa09af37658b916de7ca91e08c513367d, dram md5hash: 0x64ece29664b8d28c597162ed9f5a07d1
2026-Jul-02 23:05:18.453917 240915:240915  INFO  TDRV:ucode_print_hash                        SEQ UCODE IMGs from ucode lib - ENG: act, iram md5hash: 0x6fd03fc17d631b5b41beeea7c74110b9, dram md5hash: 0xf1d8d02216b4f4fdd31dcfb380a0c08a
2026-Jul-02 23:05:18.454071 240915:240915  INFO  TDRV:ucode_print_hash                        SEQ UCODE IMGs from ucode lib - ENG: pool, iram md5hash: 0x0dec91409be9b137bc5dce1a8c3cde80, dram md5hash: 0xe2478c83875b2cea6a6d2f69e48d90f3
2026-Jul-02 23:05:18.454231 240915:240915  INFO  TDRV:ucode_print_hash                        SEQ UCODE IMGs from ucode lib - ENG: dve, iram md5hash: 0x13aaf7e60a6d939e280cb09623ab7a35, dram md5hash: 0x1ea843a78cc1f76383ed6b372d029214
2026-Jul-02 23:05:18.454391 240915:240915  INFO  TDRV:ucode_print_hash                        SEQ UCODE IMGs from ucode lib - ENG: sp, iram md5hash: 0x97c685359099aa52298e8bb2fc463db2, dram md5hash: 0x1ae53218b284a7f46f99ac4d95443e2f
2026-Jul-02 23:05:18.454597 240915:240915  INFO  TDRV:ucode_print_hash                        SEQ UCODE IMGs from ucode lib - ENG: Q7, iram md5hash: 0xfa068885577109761d814f0966d3b776, dram md5hash: 0xcd426140bedbc9176466d7ad763ecec7
2026-Jul-02 23:05:18.468322 240915:240915  INFO  TDRV:tdrv_init_one_mla_phase2                Initialized vcore: 40
2026-Jul-02 23:05:18.473431 240915:240915  INFO  TDRV:ucode_print_hash                        SEQ UCODE IMGs from ucode lib - ENG: pe, iram md5hash: 0xa09af37658b916de7ca91e08c513367d, dram md5hash: 0x64ece29664b8d28c597162ed9f5a07d1
2026-Jul-02 23:05:18.473565 240915:240915  INFO  TDRV:ucode_print_hash                        SEQ UCODE IMGs from ucode lib - ENG: act, iram md5hash: 0x6fd03fc17d631b5b41beeea7c74110b9, dram md5hash: 0xf1d8d02216b4f4fdd31dcfb380a0c08a
2026-Jul-02 23:05:18.473720 240915:240915  INFO  TDRV:ucode_print_hash                        SEQ UCODE IMGs from ucode lib - ENG: pool, iram md5hash: 0x0dec91409be9b137bc5dce1a8c3cde80, dram md5hash: 0xe2478c83875b2cea6a6d2f69e48d90f3
2026-Jul-02 23:05:18.473863 240915:240915  INFO  TDRV:ucode_print_hash                        SEQ UCODE IMGs from ucode lib - ENG: dve, iram md5hash: 0x13aaf7e60a6d939e280cb09623ab7a35, dram md5hash: 0x1ea843a78cc1f76383ed6b372d029214
2026-Jul-02 23:05:18.474019 240915:240915  INFO  TDRV:ucode_print_hash                        SEQ UCODE IMGs from ucode lib - ENG: sp, iram md5hash: 0x97c685359099aa52298e8bb2fc463db2, dram md5hash: 0x1ae53218b284a7f46f99ac4d95443e2f
2026-Jul-02 23:05:18.474236 240915:240915  INFO  TDRV:ucode_print_hash                        SEQ UCODE IMGs from ucode lib - ENG: Q7, iram md5hash: 0xfa068885577109761d814f0966d3b776, dram md5hash: 0xcd426140bedbc9176466d7ad763ecec7
2026-Jul-02 23:05:18.477001 240915:240915  INFO  TDRV:ucode_print_hash                        SEQ UCODE IMGs from ucode lib - ENG: pe, iram md5hash: 0xa09af37658b916de7ca91e08c513367d, dram md5hash: 0x64ece29664b8d28c597162ed9f5a07d1
2026-Jul-02 23:05:18.477135 240915:240915  INFO  TDRV:ucode_print_hash                        SEQ UCODE IMGs from ucode lib - ENG: act, iram md5hash: 0x6fd03fc17d631b5b41beeea7c74110b9, dram md5hash: 0xf1d8d02216b4f4fdd31dcfb380a0c08a
2026-Jul-02 23:05:18.477309 240915:240915  INFO  TDRV:ucode_print_hash                        SEQ UCODE IMGs from ucode lib - ENG: pool, iram md5hash: 0x0dec91409be9b137bc5dce1a8c3cde80, dram md5hash: 0xe2478c83875b2cea6a6d2f69e48d90f3
2026-Jul-02 23:05:18.477454 240915:240915  INFO  TDRV:ucode_print_hash                        SEQ UCODE IMGs from ucode lib - ENG: dve, iram md5hash: 0x13aaf7e60a6d939e280cb09623ab7a35, dram md5hash: 0x1ea843a78cc1f76383ed6b372d029214
2026-Jul-02 23:05:18.477610 240915:240915  INFO  TDRV:ucode_print_hash                        SEQ UCODE IMGs from ucode lib - ENG: sp, iram md5hash: 0x97c685359099aa52298e8bb2fc463db2, dram md5hash: 0x1ae53218b284a7f46f99ac4d95443e2f
2026-Jul-02 23:05:18.477816 240915:240915  INFO  TDRV:ucode_print_hash                        SEQ UCODE IMGs from ucode lib - ENG: Q7, iram md5hash: 0xfa068885577109761d814f0966d3b776, dram md5hash: 0xcd426140bedbc9176466d7ad763ecec7
2026-Jul-02 23:05:18.491258 240915:240915  INFO  TDRV:tdrv_init_one_mla_phase2                Initialized vcore: 41
2026-Jul-02 23:05:18.494619 240915:240915  INFO  TDRV:ucode_print_hash                        SEQ UCODE IMGs from ucode lib - ENG: pe, iram md5hash: 0xa09af37658b916de7ca91e08c513367d, dram md5hash: 0x64ece29664b8d28c597162ed9f5a07d1
2026-Jul-02 23:05:18.494753 240915:240915  INFO  TDRV:ucode_print_hash                        SEQ UCODE IMGs from ucode lib - ENG: act, iram md5hash: 0x6fd03fc17d631b5b41beeea7c74110b9, dram md5hash: 0xf1d8d02216b4f4fdd31dcfb380a0c08a
2026-Jul-02 23:05:18.494911 240915:240915  INFO  TDRV:ucode_print_hash                        SEQ UCODE IMGs from ucode lib - ENG: pool, iram md5hash: 0x0dec91409be9b137bc5dce1a8c3cde80, dram md5hash: 0xe2478c83875b2cea6a6d2f69e48d90f3
2026-Jul-02 23:05:18.495054 240915:240915  INFO  TDRV:ucode_print_hash                        SEQ UCODE IMGs from ucode lib - ENG: dve, iram md5hash: 0x13aaf7e60a6d939e280cb09623ab7a35, dram md5hash: 0x1ea843a78cc1f76383ed6b372d029214
2026-Jul-02 23:05:18.495222 240915:240915  INFO  TDRV:ucode_print_hash                        SEQ UCODE IMGs from ucode lib - ENG: sp, iram md5hash: 0x97c685359099aa52298e8bb2fc463db2, dram md5hash: 0x1ae53218b284a7f46f99ac4d95443e2f
2026-Jul-02 23:05:18.495429 240915:240915  INFO  TDRV:ucode_print_hash                        SEQ UCODE IMGs from ucode lib - ENG: Q7, iram md5hash: 0xfa068885577109761d814f0966d3b776, dram md5hash: 0xcd426140bedbc9176466d7ad763ecec7
2026-Jul-02 23:05:18.498095 240915:240915  INFO  TDRV:ucode_print_hash                        SEQ UCODE IMGs from ucode lib - ENG: pe, iram md5hash: 0xa09af37658b916de7ca91e08c513367d, dram md5hash: 0x64ece29664b8d28c597162ed9f5a07d1
2026-Jul-02 23:05:18.498246 240915:240915  INFO  TDRV:ucode_print_hash                        SEQ UCODE IMGs from ucode lib - ENG: act, iram md5hash: 0x6fd03fc17d631b5b41beeea7c74110b9, dram md5hash: 0xf1d8d02216b4f4fdd31dcfb380a0c08a
2026-Jul-02 23:05:18.498402 240915:240915  INFO  TDRV:ucode_print_hash                        SEQ UCODE IMGs from ucode lib - ENG: pool, iram md5hash: 0x0dec91409be9b137bc5dce1a8c3cde80, dram md5hash: 0xe2478c83875b2cea6a6d2f69e48d90f3
2026-Jul-02 23:05:18.498545 240915:240915  INFO  TDRV:ucode_print_hash                        SEQ UCODE IMGs from ucode lib - ENG: dve, iram md5hash: 0x13aaf7e60a6d939e280cb09623ab7a35, dram md5hash: 0x1ea843a78cc1f76383ed6b372d029214
2026-Jul-02 23:05:18.498701 240915:240915  INFO  TDRV:ucode_print_hash                        SEQ UCODE IMGs from ucode lib - ENG: sp, iram md5hash: 0x97c685359099aa52298e8bb2fc463db2, dram md5hash: 0x1ae53218b284a7f46f99ac4d95443e2f
2026-Jul-02 23:05:18.498907 240915:240915  INFO  TDRV:ucode_print_hash                        SEQ UCODE IMGs from ucode lib - ENG: Q7, iram md5hash: 0xfa068885577109761d814f0966d3b776, dram md5hash: 0xcd426140bedbc9176466d7ad763ecec7
2026-Jul-02 23:05:18.511110 240915:240915  INFO  TDRV:tdrv_init_one_mla_phase2                Initialized vcore: 42
2026-Jul-02 23:05:18.514067 240915:240915  INFO  TDRV:ucode_print_hash                        SEQ UCODE IMGs from ucode lib - ENG: pe, iram md5hash: 0xa09af37658b916de7ca91e08c513367d, dram md5hash: 0x64ece29664b8d28c597162ed9f5a07d1
2026-Jul-02 23:05:18.514210 240915:240915  INFO  TDRV:ucode_print_hash                        SEQ UCODE IMGs from ucode lib - ENG: act, iram md5hash: 0x6fd03fc17d631b5b41beeea7c74110b9, dram md5hash: 0xf1d8d02216b4f4fdd31dcfb380a0c08a
2026-Jul-02 23:05:18.514365 240915:240915  INFO  TDRV:ucode_print_hash                        SEQ UCODE IMGs from ucode lib - ENG: pool, iram md5hash: 0x0dec91409be9b137bc5dce1a8c3cde80, dram md5hash: 0xe2478c83875b2cea6a6d2f69e48d90f3
2026-Jul-02 23:05:18.514509 240915:240915  INFO  TDRV:ucode_print_hash                        SEQ UCODE IMGs from ucode lib - ENG: dve, iram md5hash: 0x13aaf7e60a6d939e280cb09623ab7a35, dram md5hash: 0x1ea843a78cc1f76383ed6b372d029214
2026-Jul-02 23:05:18.514665 240915:240915  INFO  TDRV:ucode_print_hash                        SEQ UCODE IMGs from ucode lib - ENG: sp, iram md5hash: 0x97c685359099aa52298e8bb2fc463db2, dram md5hash: 0x1ae53218b284a7f46f99ac4d95443e2f
2026-Jul-02 23:05:18.514871 240915:240915  INFO  TDRV:ucode_print_hash                        SEQ UCODE IMGs from ucode lib - ENG: Q7, iram md5hash: 0xfa068885577109761d814f0966d3b776, dram md5hash: 0xcd426140bedbc9176466d7ad763ecec7
2026-Jul-02 23:05:18.517502 240915:240915  INFO  TDRV:ucode_print_hash                        SEQ UCODE IMGs from ucode lib - ENG: pe, iram md5hash: 0xa09af37658b916de7ca91e08c513367d, dram md5hash: 0x64ece29664b8d28c597162ed9f5a07d1
2026-Jul-02 23:05:18.517640 240915:240915  INFO  TDRV:ucode_print_hash                        SEQ UCODE IMGs from ucode lib - ENG: act, iram md5hash: 0x6fd03fc17d631b5b41beeea7c74110b9, dram md5hash: 0xf1d8d02216b4f4fdd31dcfb380a0c08a
2026-Jul-02 23:05:18.517794 240915:240915  INFO  TDRV:ucode_print_hash                        SEQ UCODE IMGs from ucode lib - ENG: pool, iram md5hash: 0x0dec91409be9b137bc5dce1a8c3cde80, dram md5hash: 0xe2478c83875b2cea6a6d2f69e48d90f3
2026-Jul-02 23:05:18.517938 240915:240915  INFO  TDRV:ucode_print_hash                        SEQ UCODE IMGs from ucode lib - ENG: dve, iram md5hash: 0x13aaf7e60a6d939e280cb09623ab7a35, dram md5hash: 0x1ea843a78cc1f76383ed6b372d029214
2026-Jul-02 23:05:18.518094 240915:240915  INFO  TDRV:ucode_print_hash                        SEQ UCODE IMGs from ucode lib - ENG: sp, iram md5hash: 0x97c685359099aa52298e8bb2fc463db2, dram md5hash: 0x1ae53218b284a7f46f99ac4d95443e2f
2026-Jul-02 23:05:18.518310 240915:240915  INFO  TDRV:ucode_print_hash                        SEQ UCODE IMGs from ucode lib - ENG: Q7, iram md5hash: 0xfa068885577109761d814f0966d3b776, dram md5hash: 0xcd426140bedbc9176466d7ad763ecec7
2026-Jul-02 23:05:18.530907 240915:240915  INFO  TDRV:tdrv_init_one_mla_phase2                Initialized vcore: 43
2026-Jul-02 23:05:18.534269 240915:240915  INFO  TDRV:ucode_print_hash                        SEQ UCODE IMGs from ucode lib - ENG: pe, iram md5hash: 0xa09af37658b916de7ca91e08c513367d, dram md5hash: 0x64ece29664b8d28c597162ed9f5a07d1
2026-Jul-02 23:05:18.534403 240915:240915  INFO  TDRV:ucode_print_hash                        SEQ UCODE IMGs from ucode lib - ENG: act, iram md5hash: 0x6fd03fc17d631b5b41beeea7c74110b9, dram md5hash: 0xf1d8d02216b4f4fdd31dcfb380a0c08a
2026-Jul-02 23:05:18.534558 240915:240915  INFO  TDRV:ucode_print_hash                        SEQ UCODE IMGs from ucode lib - ENG: pool, iram md5hash: 0x0dec91409be9b137bc5dce1a8c3cde80, dram md5hash: 0xe2478c83875b2cea6a6d2f69e48d90f3
2026-Jul-02 23:05:18.534702 240915:240915  INFO  TDRV:ucode_print_hash                        SEQ UCODE IMGs from ucode lib - ENG: dve, iram md5hash: 0x13aaf7e60a6d939e280cb09623ab7a35, dram md5hash: 0x1ea843a78cc1f76383ed6b372d029214
2026-Jul-02 23:05:18.534858 240915:240915  INFO  TDRV:ucode_print_hash                        SEQ UCODE IMGs from ucode lib - ENG: sp, iram md5hash: 0x97c685359099aa52298e8bb2fc463db2, dram md5hash: 0x1ae53218b284a7f46f99ac4d95443e2f
2026-Jul-02 23:05:18.535064 240915:240915  INFO  TDRV:ucode_print_hash                        SEQ UCODE IMGs from ucode lib - ENG: Q7, iram md5hash: 0xfa068885577109761d814f0966d3b776, dram md5hash: 0xcd426140bedbc9176466d7ad763ecec7
2026-Jul-02 23:05:18.537918 240915:240915  INFO  TDRV:ucode_print_hash                        SEQ UCODE IMGs from ucode lib - ENG: pe, iram md5hash: 0xa09af37658b916de7ca91e08c513367d, dram md5hash: 0x64ece29664b8d28c597162ed9f5a07d1
2026-Jul-02 23:05:18.538053 240915:240915  INFO  TDRV:ucode_print_hash                        SEQ UCODE IMGs from ucode lib - ENG: act, iram md5hash: 0x6fd03fc17d631b5b41beeea7c74110b9, dram md5hash: 0xf1d8d02216b4f4fdd31dcfb380a0c08a
2026-Jul-02 23:05:18.538221 240915:240915  INFO  TDRV:ucode_print_hash                        SEQ UCODE IMGs from ucode lib - ENG: pool, iram md5hash: 0x0dec91409be9b137bc5dce1a8c3cde80, dram md5hash: 0xe2478c83875b2cea6a6d2f69e48d90f3
2026-Jul-02 23:05:18.538365 240915:240915  INFO  TDRV:ucode_print_hash                        SEQ UCODE IMGs from ucode lib - ENG: dve, iram md5hash: 0x13aaf7e60a6d939e280cb09623ab7a35, dram md5hash: 0x1ea843a78cc1f76383ed6b372d029214
2026-Jul-02 23:05:18.538521 240915:240915  INFO  TDRV:ucode_print_hash                        SEQ UCODE IMGs from ucode lib - ENG: sp, iram md5hash: 0x97c685359099aa52298e8bb2fc463db2, dram md5hash: 0x1ae53218b284a7f46f99ac4d95443e2f
2026-Jul-02 23:05:18.538727 240915:240915  INFO  TDRV:ucode_print_hash                        SEQ UCODE IMGs from ucode lib - ENG: Q7, iram md5hash: 0xfa068885577109761d814f0966d3b776, dram md5hash: 0xcd426140bedbc9176466d7ad763ecec7
2026-Jul-02 23:05:18.551307 240915:240915  INFO  TDRV:tdrv_init_one_mla_phase2                Initialized vcore: 44
2026-Jul-02 23:05:18.554262 240915:240915  INFO  TDRV:ucode_print_hash                        SEQ UCODE IMGs from ucode lib - ENG: pe, iram md5hash: 0xa09af37658b916de7ca91e08c513367d, dram md5hash: 0x64ece29664b8d28c597162ed9f5a07d1
2026-Jul-02 23:05:18.554397 240915:240915  INFO  TDRV:ucode_print_hash                        SEQ UCODE IMGs from ucode lib - ENG: act, iram md5hash: 0x6fd03fc17d631b5b41beeea7c74110b9, dram md5hash: 0xf1d8d02216b4f4fdd31dcfb380a0c08a
2026-Jul-02 23:05:18.554551 240915:240915  INFO  TDRV:ucode_print_hash                        SEQ UCODE IMGs from ucode lib - ENG: pool, iram md5hash: 0x0dec91409be9b137bc5dce1a8c3cde80, dram md5hash: 0xe2478c83875b2cea6a6d2f69e48d90f3
2026-Jul-02 23:05:18.554695 240915:240915  INFO  TDRV:ucode_print_hash                        SEQ UCODE IMGs from ucode lib - ENG: dve, iram md5hash: 0x13aaf7e60a6d939e280cb09623ab7a35, dram md5hash: 0x1ea843a78cc1f76383ed6b372d029214
2026-Jul-02 23:05:18.554851 240915:240915  INFO  TDRV:ucode_print_hash                        SEQ UCODE IMGs from ucode lib - ENG: sp, iram md5hash: 0x97c685359099aa52298e8bb2fc463db2, dram md5hash: 0x1ae53218b284a7f46f99ac4d95443e2f
2026-Jul-02 23:05:18.555056 240915:240915  INFO  TDRV:ucode_print_hash                        SEQ UCODE IMGs from ucode lib - ENG: Q7, iram md5hash: 0xfa068885577109761d814f0966d3b776, dram md5hash: 0xcd426140bedbc9176466d7ad763ecec7
2026-Jul-02 23:05:18.557710 240915:240915  INFO  TDRV:ucode_print_hash                        SEQ UCODE IMGs from ucode lib - ENG: pe, iram md5hash: 0xa09af37658b916de7ca91e08c513367d, dram md5hash: 0x64ece29664b8d28c597162ed9f5a07d1
2026-Jul-02 23:05:18.557845 240915:240915  INFO  TDRV:ucode_print_hash                        SEQ UCODE IMGs from ucode lib - ENG: act, iram md5hash: 0x6fd03fc17d631b5b41beeea7c74110b9, dram md5hash: 0xf1d8d02216b4f4fdd31dcfb380a0c08a
2026-Jul-02 23:05:18.557999 240915:240915  INFO  TDRV:ucode_print_hash                        SEQ UCODE IMGs from ucode lib - ENG: pool, iram md5hash: 0x0dec91409be9b137bc5dce1a8c3cde80, dram md5hash: 0xe2478c83875b2cea6a6d2f69e48d90f3
2026-Jul-02 23:05:18.558143 240915:240915  INFO  TDRV:ucode_print_hash                        SEQ UCODE IMGs from ucode lib - ENG: dve, iram md5hash: 0x13aaf7e60a6d939e280cb09623ab7a35, dram md5hash: 0x1ea843a78cc1f76383ed6b372d029214
2026-Jul-02 23:05:18.558313 240915:240915  INFO  TDRV:ucode_print_hash                        SEQ UCODE IMGs from ucode lib - ENG: sp, iram md5hash: 0x97c685359099aa52298e8bb2fc463db2, dram md5hash: 0x1ae53218b284a7f46f99ac4d95443e2f
2026-Jul-02 23:05:18.558520 240915:240915  INFO  TDRV:ucode_print_hash                        SEQ UCODE IMGs from ucode lib - ENG: Q7, iram md5hash: 0xfa068885577109761d814f0966d3b776, dram md5hash: 0xcd426140bedbc9176466d7ad763ecec7
2026-Jul-02 23:05:18.571326 240915:240915  INFO  TDRV:tdrv_init_one_mla_phase2                Initialized vcore: 45
2026-Jul-02 23:05:18.577245 240915:240915  INFO  TDRV:ucode_print_hash                        SEQ UCODE IMGs from ucode lib - ENG: pe, iram md5hash: 0xa09af37658b916de7ca91e08c513367d, dram md5hash: 0x64ece29664b8d28c597162ed9f5a07d1
2026-Jul-02 23:05:18.577379 240915:240915  INFO  TDRV:ucode_print_hash                        SEQ UCODE IMGs from ucode lib - ENG: act, iram md5hash: 0x6fd03fc17d631b5b41beeea7c74110b9, dram md5hash: 0xf1d8d02216b4f4fdd31dcfb380a0c08a
2026-Jul-02 23:05:18.577534 240915:240915  INFO  TDRV:ucode_print_hash                        SEQ UCODE IMGs from ucode lib - ENG: pool, iram md5hash: 0x0dec91409be9b137bc5dce1a8c3cde80, dram md5hash: 0xe2478c83875b2cea6a6d2f69e48d90f3
2026-Jul-02 23:05:18.577677 240915:240915  INFO  TDRV:ucode_print_hash                        SEQ UCODE IMGs from ucode lib - ENG: dve, iram md5hash: 0x13aaf7e60a6d939e280cb09623ab7a35, dram md5hash: 0x1ea843a78cc1f76383ed6b372d029214
2026-Jul-02 23:05:18.577833 240915:240915  INFO  TDRV:ucode_print_hash                        SEQ UCODE IMGs from ucode lib - ENG: sp, iram md5hash: 0x97c685359099aa52298e8bb2fc463db2, dram md5hash: 0x1ae53218b284a7f46f99ac4d95443e2f
2026-Jul-02 23:05:18.578045 240915:240915  INFO  TDRV:ucode_print_hash                        SEQ UCODE IMGs from ucode lib - ENG: Q7, iram md5hash: 0xfa068885577109761d814f0966d3b776, dram md5hash: 0xcd426140bedbc9176466d7ad763ecec7
2026-Jul-02 23:05:18.580723 240915:240915  INFO  TDRV:ucode_print_hash                        SEQ UCODE IMGs from ucode lib - ENG: pe, iram md5hash: 0xa09af37658b916de7ca91e08c513367d, dram md5hash: 0x64ece29664b8d28c597162ed9f5a07d1
2026-Jul-02 23:05:18.580864 240915:240915  INFO  TDRV:ucode_print_hash                        SEQ UCODE IMGs from ucode lib - ENG: act, iram md5hash: 0x6fd03fc17d631b5b41beeea7c74110b9, dram md5hash: 0xf1d8d02216b4f4fdd31dcfb380a0c08a
2026-Jul-02 23:05:18.581018 240915:240915  INFO  TDRV:ucode_print_hash                        SEQ UCODE IMGs from ucode lib - ENG: pool, iram md5hash: 0x0dec91409be9b137bc5dce1a8c3cde80, dram md5hash: 0xe2478c83875b2cea6a6d2f69e48d90f3
2026-Jul-02 23:05:18.581173 240915:240915  INFO  TDRV:ucode_print_hash                        SEQ UCODE IMGs from ucode lib - ENG: dve, iram md5hash: 0x13aaf7e60a6d939e280cb09623ab7a35, dram md5hash: 0x1ea843a78cc1f76383ed6b372d029214
2026-Jul-02 23:05:18.581330 240915:240915  INFO  TDRV:ucode_print_hash                        SEQ UCODE IMGs from ucode lib - ENG: sp, iram md5hash: 0x97c685359099aa52298e8bb2fc463db2, dram md5hash: 0x1ae53218b284a7f46f99ac4d95443e2f
2026-Jul-02 23:05:18.581536 240915:240915  INFO  TDRV:ucode_print_hash                        SEQ UCODE IMGs from ucode lib - ENG: Q7, iram md5hash: 0xfa068885577109761d814f0966d3b776, dram md5hash: 0xcd426140bedbc9176466d7ad763ecec7
2026-Jul-02 23:05:18.595234 240915:240915  INFO  TDRV:tdrv_init_one_mla_phase2                Initialized vcore: 46
2026-Jul-02 23:05:18.600416 240915:240915  INFO  TDRV:ucode_print_hash                        SEQ UCODE IMGs from ucode lib - ENG: pe, iram md5hash: 0xa09af37658b916de7ca91e08c513367d, dram md5hash: 0x64ece29664b8d28c597162ed9f5a07d1
2026-Jul-02 23:05:18.600551 240915:240915  INFO  TDRV:ucode_print_hash                        SEQ UCODE IMGs from ucode lib - ENG: act, iram md5hash: 0x6fd03fc17d631b5b41beeea7c74110b9, dram md5hash: 0xf1d8d02216b4f4fdd31dcfb380a0c08a
2026-Jul-02 23:05:18.600705 240915:240915  INFO  TDRV:ucode_print_hash                        SEQ UCODE IMGs from ucode lib - ENG: pool, iram md5hash: 0x0dec91409be9b137bc5dce1a8c3cde80, dram md5hash: 0xe2478c83875b2cea6a6d2f69e48d90f3
2026-Jul-02 23:05:18.600848 240915:240915  INFO  TDRV:ucode_print_hash                        SEQ UCODE IMGs from ucode lib - ENG: dve, iram md5hash: 0x13aaf7e60a6d939e280cb09623ab7a35, dram md5hash: 0x1ea843a78cc1f76383ed6b372d029214
2026-Jul-02 23:05:18.601004 240915:240915  INFO  TDRV:ucode_print_hash                        SEQ UCODE IMGs from ucode lib - ENG: sp, iram md5hash: 0x97c685359099aa52298e8bb2fc463db2, dram md5hash: 0x1ae53218b284a7f46f99ac4d95443e2f
2026-Jul-02 23:05:18.601223 240915:240915  INFO  TDRV:ucode_print_hash                        SEQ UCODE IMGs from ucode lib - ENG: Q7, iram md5hash: 0xfa068885577109761d814f0966d3b776, dram md5hash: 0xcd426140bedbc9176466d7ad763ecec7
2026-Jul-02 23:05:18.603998 240915:240915  INFO  TDRV:ucode_print_hash                        SEQ UCODE IMGs from ucode lib - ENG: pe, iram md5hash: 0xa09af37658b916de7ca91e08c513367d, dram md5hash: 0x64ece29664b8d28c597162ed9f5a07d1
2026-Jul-02 23:05:18.604178 240915:240915  INFO  TDRV:ucode_print_hash                        SEQ UCODE IMGs from ucode lib - ENG: act, iram md5hash: 0x6fd03fc17d631b5b41beeea7c74110b9, dram md5hash: 0xf1d8d02216b4f4fdd31dcfb380a0c08a
2026-Jul-02 23:05:18.604356 240915:240915  INFO  TDRV:ucode_print_hash                        SEQ UCODE IMGs from ucode lib - ENG: pool, iram md5hash: 0x0dec91409be9b137bc5dce1a8c3cde80, dram md5hash: 0xe2478c83875b2cea6a6d2f69e48d90f3
2026-Jul-02 23:05:18.604500 240915:240915  INFO  TDRV:ucode_print_hash                        SEQ UCODE IMGs from ucode lib - ENG: dve, iram md5hash: 0x13aaf7e60a6d939e280cb09623ab7a35, dram md5hash: 0x1ea843a78cc1f76383ed6b372d029214
2026-Jul-02 23:05:18.604658 240915:240915  INFO  TDRV:ucode_print_hash                        SEQ UCODE IMGs from ucode lib - ENG: sp, iram md5hash: 0x97c685359099aa52298e8bb2fc463db2, dram md5hash: 0x1ae53218b284a7f46f99ac4d95443e2f
2026-Jul-02 23:05:18.604864 240915:240915  INFO  TDRV:ucode_print_hash                        SEQ UCODE IMGs from ucode lib - ENG: Q7, iram md5hash: 0xfa068885577109761d814f0966d3b776, dram md5hash: 0xcd426140bedbc9176466d7ad763ecec7
2026-Jul-02 23:05:18.618274 240915:240915  INFO  TDRV:tdrv_init_one_mla_phase2                Initialized vcore: 47
2026-Jul-02 23:05:18.620729 240915:240915  INFO  TDRV:ucode_print_hash                        SEQ UCODE IMGs from ucode lib - ENG: pe, iram md5hash: 0xa09af37658b916de7ca91e08c513367d, dram md5hash: 0x64ece29664b8d28c597162ed9f5a07d1
2026-Jul-02 23:05:18.620863 240915:240915  INFO  TDRV:ucode_print_hash                        SEQ UCODE IMGs from ucode lib - ENG: act, iram md5hash: 0x6fd03fc17d631b5b41beeea7c74110b9, dram md5hash: 0xf1d8d02216b4f4fdd31dcfb380a0c08a
2026-Jul-02 23:05:18.621018 240915:240915  INFO  TDRV:ucode_print_hash                        SEQ UCODE IMGs from ucode lib - ENG: pool, iram md5hash: 0x0dec91409be9b137bc5dce1a8c3cde80, dram md5hash: 0xe2478c83875b2cea6a6d2f69e48d90f3
2026-Jul-02 23:05:18.621172 240915:240915  INFO  TDRV:ucode_print_hash                        SEQ UCODE IMGs from ucode lib - ENG: dve, iram md5hash: 0x13aaf7e60a6d939e280cb09623ab7a35, dram md5hash: 0x1ea843a78cc1f76383ed6b372d029214
2026-Jul-02 23:05:18.621329 240915:240915  INFO  TDRV:ucode_print_hash                        SEQ UCODE IMGs from ucode lib - ENG: sp, iram md5hash: 0x97c685359099aa52298e8bb2fc463db2, dram md5hash: 0x1ae53218b284a7f46f99ac4d95443e2f
2026-Jul-02 23:05:18.621535 240915:240915  INFO  TDRV:ucode_print_hash                        SEQ UCODE IMGs from ucode lib - ENG: Q7, iram md5hash: 0xfa068885577109761d814f0966d3b776, dram md5hash: 0xcd426140bedbc9176466d7ad763ecec7
2026-Jul-02 23:05:18.623969 240915:240915  INFO  TDRV:ucode_print_hash                        SEQ UCODE IMGs from ucode lib - ENG: pe, iram md5hash: 0xa09af37658b916de7ca91e08c513367d, dram md5hash: 0x64ece29664b8d28c597162ed9f5a07d1
2026-Jul-02 23:05:18.624129 240915:240915  INFO  TDRV:ucode_print_hash                        SEQ UCODE IMGs from ucode lib - ENG: act, iram md5hash: 0x6fd03fc17d631b5b41beeea7c74110b9, dram md5hash: 0xf1d8d02216b4f4fdd31dcfb380a0c08a
2026-Jul-02 23:05:18.624333 240915:240915  INFO  TDRV:ucode_print_hash                        SEQ UCODE IMGs from ucode lib - ENG: pool, iram md5hash: 0x0dec91409be9b137bc5dce1a8c3cde80, dram md5hash: 0xe2478c83875b2cea6a6d2f69e48d90f3
2026-Jul-02 23:05:18.624478 240915:240915  INFO  TDRV:ucode_print_hash                        SEQ UCODE IMGs from ucode lib - ENG: dve, iram md5hash: 0x13aaf7e60a6d939e280cb09623ab7a35, dram md5hash: 0x1ea843a78cc1f76383ed6b372d029214
2026-Jul-02 23:05:18.624634 240915:240915  INFO  TDRV:ucode_print_hash                        SEQ UCODE IMGs from ucode lib - ENG: sp, iram md5hash: 0x97c685359099aa52298e8bb2fc463db2, dram md5hash: 0x1ae53218b284a7f46f99ac4d95443e2f
2026-Jul-02 23:05:18.624840 240915:240915  INFO  TDRV:ucode_print_hash                        SEQ UCODE IMGs from ucode lib - ENG: Q7, iram md5hash: 0xfa068885577109761d814f0966d3b776, dram md5hash: 0xcd426140bedbc9176466d7ad763ecec7
2026-Jul-02 23:05:18.636497 240915:240915  INFO  TDRV:tdrv_init_one_mla_phase2                Initialized vcore: 48
2026-Jul-02 23:05:18.639694 240915:240915  INFO  TDRV:ucode_print_hash                        SEQ UCODE IMGs from ucode lib - ENG: pe, iram md5hash: 0xa09af37658b916de7ca91e08c513367d, dram md5hash: 0x64ece29664b8d28c597162ed9f5a07d1
2026-Jul-02 23:05:18.639843 240915:240915  INFO  TDRV:ucode_print_hash                        SEQ UCODE IMGs from ucode lib - ENG: act, iram md5hash: 0x6fd03fc17d631b5b41beeea7c74110b9, dram md5hash: 0xf1d8d02216b4f4fdd31dcfb380a0c08a
2026-Jul-02 23:05:18.640016 240915:240915  INFO  TDRV:ucode_print_hash                        SEQ UCODE IMGs from ucode lib - ENG: pool, iram md5hash: 0x0dec91409be9b137bc5dce1a8c3cde80, dram md5hash: 0xe2478c83875b2cea6a6d2f69e48d90f3
2026-Jul-02 23:05:18.640171 240915:240915  INFO  TDRV:ucode_print_hash                        SEQ UCODE IMGs from ucode lib - ENG: dve, iram md5hash: 0x13aaf7e60a6d939e280cb09623ab7a35, dram md5hash: 0x1ea843a78cc1f76383ed6b372d029214
2026-Jul-02 23:05:18.640328 240915:240915  INFO  TDRV:ucode_print_hash                        SEQ UCODE IMGs from ucode lib - ENG: sp, iram md5hash: 0x97c685359099aa52298e8bb2fc463db2, dram md5hash: 0x1ae53218b284a7f46f99ac4d95443e2f
2026-Jul-02 23:05:18.640534 240915:240915  INFO  TDRV:ucode_print_hash                        SEQ UCODE IMGs from ucode lib - ENG: Q7, iram md5hash: 0xfa068885577109761d814f0966d3b776, dram md5hash: 0xcd426140bedbc9176466d7ad763ecec7
2026-Jul-02 23:05:18.642835 240915:240915  INFO  TDRV:ucode_print_hash                        SEQ UCODE IMGs from ucode lib - ENG: pe, iram md5hash: 0xa09af37658b916de7ca91e08c513367d, dram md5hash: 0x64ece29664b8d28c597162ed9f5a07d1
2026-Jul-02 23:05:18.642969 240915:240915  INFO  TDRV:ucode_print_hash                        SEQ UCODE IMGs from ucode lib - ENG: act, iram md5hash: 0x6fd03fc17d631b5b41beeea7c74110b9, dram md5hash: 0xf1d8d02216b4f4fdd31dcfb380a0c08a
2026-Jul-02 23:05:18.643124 240915:240915  INFO  TDRV:ucode_print_hash                        SEQ UCODE IMGs from ucode lib - ENG: pool, iram md5hash: 0x0dec91409be9b137bc5dce1a8c3cde80, dram md5hash: 0xe2478c83875b2cea6a6d2f69e48d90f3
2026-Jul-02 23:05:18.643280 240915:240915  INFO  TDRV:ucode_print_hash                        SEQ UCODE IMGs from ucode lib - ENG: dve, iram md5hash: 0x13aaf7e60a6d939e280cb09623ab7a35, dram md5hash: 0x1ea843a78cc1f76383ed6b372d029214
2026-Jul-02 23:05:18.643437 240915:240915  INFO  TDRV:ucode_print_hash                        SEQ UCODE IMGs from ucode lib - ENG: sp, iram md5hash: 0x97c685359099aa52298e8bb2fc463db2, dram md5hash: 0x1ae53218b284a7f46f99ac4d95443e2f
2026-Jul-02 23:05:18.643643 240915:240915  INFO  TDRV:ucode_print_hash                        SEQ UCODE IMGs from ucode lib - ENG: Q7, iram md5hash: 0xfa068885577109761d814f0966d3b776, dram md5hash: 0xcd426140bedbc9176466d7ad763ecec7
2026-Jul-02 23:05:18.654879 240915:240915  INFO  TDRV:tdrv_init_one_mla_phase2                Initialized vcore: 49
2026-Jul-02 23:05:18.659958 240915:240915  INFO  TDRV:ucode_print_hash                        SEQ UCODE IMGs from ucode lib - ENG: pe, iram md5hash: 0xa09af37658b916de7ca91e08c513367d, dram md5hash: 0x64ece29664b8d28c597162ed9f5a07d1
2026-Jul-02 23:05:18.660092 240915:240915  INFO  TDRV:ucode_print_hash                        SEQ UCODE IMGs from ucode lib - ENG: act, iram md5hash: 0x6fd03fc17d631b5b41beeea7c74110b9, dram md5hash: 0xf1d8d02216b4f4fdd31dcfb380a0c08a
2026-Jul-02 23:05:18.660256 240915:240915  INFO  TDRV:ucode_print_hash                        SEQ UCODE IMGs from ucode lib - ENG: pool, iram md5hash: 0x0dec91409be9b137bc5dce1a8c3cde80, dram md5hash: 0xe2478c83875b2cea6a6d2f69e48d90f3
2026-Jul-02 23:05:18.660400 240915:240915  INFO  TDRV:ucode_print_hash                        SEQ UCODE IMGs from ucode lib - ENG: dve, iram md5hash: 0x13aaf7e60a6d939e280cb09623ab7a35, dram md5hash: 0x1ea843a78cc1f76383ed6b372d029214
2026-Jul-02 23:05:18.660556 240915:240915  INFO  TDRV:ucode_print_hash                        SEQ UCODE IMGs from ucode lib - ENG: sp, iram md5hash: 0x97c685359099aa52298e8bb2fc463db2, dram md5hash: 0x1ae53218b284a7f46f99ac4d95443e2f
2026-Jul-02 23:05:18.660762 240915:240915  INFO  TDRV:ucode_print_hash                        SEQ UCODE IMGs from ucode lib - ENG: Q7, iram md5hash: 0xfa068885577109761d814f0966d3b776, dram md5hash: 0xcd426140bedbc9176466d7ad763ecec7
2026-Jul-02 23:05:18.663295 240915:240915  INFO  TDRV:ucode_print_hash                        SEQ UCODE IMGs from ucode lib - ENG: pe, iram md5hash: 0xa09af37658b916de7ca91e08c513367d, dram md5hash: 0x64ece29664b8d28c597162ed9f5a07d1
2026-Jul-02 23:05:18.663432 240915:240915  INFO  TDRV:ucode_print_hash                        SEQ UCODE IMGs from ucode lib - ENG: act, iram md5hash: 0x6fd03fc17d631b5b41beeea7c74110b9, dram md5hash: 0xf1d8d02216b4f4fdd31dcfb380a0c08a
2026-Jul-02 23:05:18.663587 240915:240915  INFO  TDRV:ucode_print_hash                        SEQ UCODE IMGs from ucode lib - ENG: pool, iram md5hash: 0x0dec91409be9b137bc5dce1a8c3cde80, dram md5hash: 0xe2478c83875b2cea6a6d2f69e48d90f3
2026-Jul-02 23:05:18.663730 240915:240915  INFO  TDRV:ucode_print_hash                        SEQ UCODE IMGs from ucode lib - ENG: dve, iram md5hash: 0x13aaf7e60a6d939e280cb09623ab7a35, dram md5hash: 0x1ea843a78cc1f76383ed6b372d029214
2026-Jul-02 23:05:18.663911 240915:240915  INFO  TDRV:ucode_print_hash                        SEQ UCODE IMGs from ucode lib - ENG: sp, iram md5hash: 0x97c685359099aa52298e8bb2fc463db2, dram md5hash: 0x1ae53218b284a7f46f99ac4d95443e2f
2026-Jul-02 23:05:18.664143 240915:240915  INFO  TDRV:ucode_print_hash                        SEQ UCODE IMGs from ucode lib - ENG: Q7, iram md5hash: 0xfa068885577109761d814f0966d3b776, dram md5hash: 0xcd426140bedbc9176466d7ad763ecec7
2026-Jul-02 23:05:18.676512 240915:240915  INFO  TDRV:tdrv_init_one_mla_phase2                Initialized vcore: 50
2026-Jul-02 23:05:18.682337 240915:240915  INFO  TDRV:ucode_print_hash                        SEQ UCODE IMGs from ucode lib - ENG: pe, iram md5hash: 0xa09af37658b916de7ca91e08c513367d, dram md5hash: 0x64ece29664b8d28c597162ed9f5a07d1
2026-Jul-02 23:05:18.682471 240915:240915  INFO  TDRV:ucode_print_hash                        SEQ UCODE IMGs from ucode lib - ENG: act, iram md5hash: 0x6fd03fc17d631b5b41beeea7c74110b9, dram md5hash: 0xf1d8d02216b4f4fdd31dcfb380a0c08a
2026-Jul-02 23:05:18.682625 240915:240915  INFO  TDRV:ucode_print_hash                        SEQ UCODE IMGs from ucode lib - ENG: pool, iram md5hash: 0x0dec91409be9b137bc5dce1a8c3cde80, dram md5hash: 0xe2478c83875b2cea6a6d2f69e48d90f3
2026-Jul-02 23:05:18.682769 240915:240915  INFO  TDRV:ucode_print_hash                        SEQ UCODE IMGs from ucode lib - ENG: dve, iram md5hash: 0x13aaf7e60a6d939e280cb09623ab7a35, dram md5hash: 0x1ea843a78cc1f76383ed6b372d029214
2026-Jul-02 23:05:18.682925 240915:240915  INFO  TDRV:ucode_print_hash                        SEQ UCODE IMGs from ucode lib - ENG: sp, iram md5hash: 0x97c685359099aa52298e8bb2fc463db2, dram md5hash: 0x1ae53218b284a7f46f99ac4d95443e2f
2026-Jul-02 23:05:18.683131 240915:240915  INFO  TDRV:ucode_print_hash                        SEQ UCODE IMGs from ucode lib - ENG: Q7, iram md5hash: 0xfa068885577109761d814f0966d3b776, dram md5hash: 0xcd426140bedbc9176466d7ad763ecec7
2026-Jul-02 23:05:18.685737 240915:240915  INFO  TDRV:ucode_print_hash                        SEQ UCODE IMGs from ucode lib - ENG: pe, iram md5hash: 0xa09af37658b916de7ca91e08c513367d, dram md5hash: 0x64ece29664b8d28c597162ed9f5a07d1
2026-Jul-02 23:05:18.685872 240915:240915  INFO  TDRV:ucode_print_hash                        SEQ UCODE IMGs from ucode lib - ENG: act, iram md5hash: 0x6fd03fc17d631b5b41beeea7c74110b9, dram md5hash: 0xf1d8d02216b4f4fdd31dcfb380a0c08a
2026-Jul-02 23:05:18.686026 240915:240915  INFO  TDRV:ucode_print_hash                        SEQ UCODE IMGs from ucode lib - ENG: pool, iram md5hash: 0x0dec91409be9b137bc5dce1a8c3cde80, dram md5hash: 0xe2478c83875b2cea6a6d2f69e48d90f3
2026-Jul-02 23:05:18.686182 240915:240915  INFO  TDRV:ucode_print_hash                        SEQ UCODE IMGs from ucode lib - ENG: dve, iram md5hash: 0x13aaf7e60a6d939e280cb09623ab7a35, dram md5hash: 0x1ea843a78cc1f76383ed6b372d029214
2026-Jul-02 23:05:18.686339 240915:240915  INFO  TDRV:ucode_print_hash                        SEQ UCODE IMGs from ucode lib - ENG: sp, iram md5hash: 0x97c685359099aa52298e8bb2fc463db2, dram md5hash: 0x1ae53218b284a7f46f99ac4d95443e2f
2026-Jul-02 23:05:18.686545 240915:240915  INFO  TDRV:ucode_print_hash                        SEQ UCODE IMGs from ucode lib - ENG: Q7, iram md5hash: 0xfa068885577109761d814f0966d3b776, dram md5hash: 0xcd426140bedbc9176466d7ad763ecec7
2026-Jul-02 23:05:18.699068 240915:240915  INFO  TDRV:tdrv_init_one_mla_phase2                Initialized vcore: 51
2026-Jul-02 23:05:18.704145 240915:240915  INFO  TDRV:ucode_print_hash                        SEQ UCODE IMGs from ucode lib - ENG: pe, iram md5hash: 0xa09af37658b916de7ca91e08c513367d, dram md5hash: 0x64ece29664b8d28c597162ed9f5a07d1
2026-Jul-02 23:05:18.704313 240915:240915  INFO  TDRV:ucode_print_hash                        SEQ UCODE IMGs from ucode lib - ENG: act, iram md5hash: 0x6fd03fc17d631b5b41beeea7c74110b9, dram md5hash: 0xf1d8d02216b4f4fdd31dcfb380a0c08a
2026-Jul-02 23:05:18.704492 240915:240915  INFO  TDRV:ucode_print_hash                        SEQ UCODE IMGs from ucode lib - ENG: pool, iram md5hash: 0x0dec91409be9b137bc5dce1a8c3cde80, dram md5hash: 0xe2478c83875b2cea6a6d2f69e48d90f3
2026-Jul-02 23:05:18.704655 240915:240915  INFO  TDRV:ucode_print_hash                        SEQ UCODE IMGs from ucode lib - ENG: dve, iram md5hash: 0x13aaf7e60a6d939e280cb09623ab7a35, dram md5hash: 0x1ea843a78cc1f76383ed6b372d029214
2026-Jul-02 23:05:18.704811 240915:240915  INFO  TDRV:ucode_print_hash                        SEQ UCODE IMGs from ucode lib - ENG: sp, iram md5hash: 0x97c685359099aa52298e8bb2fc463db2, dram md5hash: 0x1ae53218b284a7f46f99ac4d95443e2f
2026-Jul-02 23:05:18.705017 240915:240915  INFO  TDRV:ucode_print_hash                        SEQ UCODE IMGs from ucode lib - ENG: Q7, iram md5hash: 0xfa068885577109761d814f0966d3b776, dram md5hash: 0xcd426140bedbc9176466d7ad763ecec7
2026-Jul-02 23:05:18.707593 240915:240915  INFO  TDRV:ucode_print_hash                        SEQ UCODE IMGs from ucode lib - ENG: pe, iram md5hash: 0xa09af37658b916de7ca91e08c513367d, dram md5hash: 0x64ece29664b8d28c597162ed9f5a07d1
2026-Jul-02 23:05:18.707728 240915:240915  INFO  TDRV:ucode_print_hash                        SEQ UCODE IMGs from ucode lib - ENG: act, iram md5hash: 0x6fd03fc17d631b5b41beeea7c74110b9, dram md5hash: 0xf1d8d02216b4f4fdd31dcfb380a0c08a
2026-Jul-02 23:05:18.707909 240915:240915  INFO  TDRV:ucode_print_hash                        SEQ UCODE IMGs from ucode lib - ENG: pool, iram md5hash: 0x0dec91409be9b137bc5dce1a8c3cde80, dram md5hash: 0xe2478c83875b2cea6a6d2f69e48d90f3
2026-Jul-02 23:05:18.708067 240915:240915  INFO  TDRV:ucode_print_hash                        SEQ UCODE IMGs from ucode lib - ENG: dve, iram md5hash: 0x13aaf7e60a6d939e280cb09623ab7a35, dram md5hash: 0x1ea843a78cc1f76383ed6b372d029214
2026-Jul-02 23:05:18.708264 240915:240915  INFO  TDRV:ucode_print_hash                        SEQ UCODE IMGs from ucode lib - ENG: sp, iram md5hash: 0x97c685359099aa52298e8bb2fc463db2, dram md5hash: 0x1ae53218b284a7f46f99ac4d95443e2f
2026-Jul-02 23:05:18.708490 240915:240915  INFO  TDRV:ucode_print_hash                        SEQ UCODE IMGs from ucode lib - ENG: Q7, iram md5hash: 0xfa068885577109761d814f0966d3b776, dram md5hash: 0xcd426140bedbc9176466d7ad763ecec7
2026-Jul-02 23:05:18.720970 240915:240915  INFO  TDRV:tdrv_init_one_mla_phase2                Initialized vcore: 52
2026-Jul-02 23:05:18.726947 240915:240915  INFO  TDRV:ucode_print_hash                        SEQ UCODE IMGs from ucode lib - ENG: pe, iram md5hash: 0xa09af37658b916de7ca91e08c513367d, dram md5hash: 0x64ece29664b8d28c597162ed9f5a07d1
2026-Jul-02 23:05:18.727082 240915:240915  INFO  TDRV:ucode_print_hash                        SEQ UCODE IMGs from ucode lib - ENG: act, iram md5hash: 0x6fd03fc17d631b5b41beeea7c74110b9, dram md5hash: 0xf1d8d02216b4f4fdd31dcfb380a0c08a
2026-Jul-02 23:05:18.727249 240915:240915  INFO  TDRV:ucode_print_hash                        SEQ UCODE IMGs from ucode lib - ENG: pool, iram md5hash: 0x0dec91409be9b137bc5dce1a8c3cde80, dram md5hash: 0xe2478c83875b2cea6a6d2f69e48d90f3
2026-Jul-02 23:05:18.727393 240915:240915  INFO  TDRV:ucode_print_hash                        SEQ UCODE IMGs from ucode lib - ENG: dve, iram md5hash: 0x13aaf7e60a6d939e280cb09623ab7a35, dram md5hash: 0x1ea843a78cc1f76383ed6b372d029214
2026-Jul-02 23:05:18.727553 240915:240915  INFO  TDRV:ucode_print_hash                        SEQ UCODE IMGs from ucode lib - ENG: sp, iram md5hash: 0x97c685359099aa52298e8bb2fc463db2, dram md5hash: 0x1ae53218b284a7f46f99ac4d95443e2f
2026-Jul-02 23:05:18.727759 240915:240915  INFO  TDRV:ucode_print_hash                        SEQ UCODE IMGs from ucode lib - ENG: Q7, iram md5hash: 0xfa068885577109761d814f0966d3b776, dram md5hash: 0xcd426140bedbc9176466d7ad763ecec7
2026-Jul-02 23:05:18.730349 240915:240915  INFO  TDRV:ucode_print_hash                        SEQ UCODE IMGs from ucode lib - ENG: pe, iram md5hash: 0xa09af37658b916de7ca91e08c513367d, dram md5hash: 0x64ece29664b8d28c597162ed9f5a07d1
2026-Jul-02 23:05:18.730483 240915:240915  INFO  TDRV:ucode_print_hash                        SEQ UCODE IMGs from ucode lib - ENG: act, iram md5hash: 0x6fd03fc17d631b5b41beeea7c74110b9, dram md5hash: 0xf1d8d02216b4f4fdd31dcfb380a0c08a
2026-Jul-02 23:05:18.730638 240915:240915  INFO  TDRV:ucode_print_hash                        SEQ UCODE IMGs from ucode lib - ENG: pool, iram md5hash: 0x0dec91409be9b137bc5dce1a8c3cde80, dram md5hash: 0xe2478c83875b2cea6a6d2f69e48d90f3
2026-Jul-02 23:05:18.730781 240915:240915  INFO  TDRV:ucode_print_hash                        SEQ UCODE IMGs from ucode lib - ENG: dve, iram md5hash: 0x13aaf7e60a6d939e280cb09623ab7a35, dram md5hash: 0x1ea843a78cc1f76383ed6b372d029214
2026-Jul-02 23:05:18.730937 240915:240915  INFO  TDRV:ucode_print_hash                        SEQ UCODE IMGs from ucode lib - ENG: sp, iram md5hash: 0x97c685359099aa52298e8bb2fc463db2, dram md5hash: 0x1ae53218b284a7f46f99ac4d95443e2f
2026-Jul-02 23:05:18.731143 240915:240915  INFO  TDRV:ucode_print_hash                        SEQ UCODE IMGs from ucode lib - ENG: Q7, iram md5hash: 0xfa068885577109761d814f0966d3b776, dram md5hash: 0xcd426140bedbc9176466d7ad763ecec7
2026-Jul-02 23:05:18.747851 240915:240915  INFO  TDRV:tdrv_init_one_mla_phase2                Initialized vcore: 53
2026-Jul-02 23:05:18.750360 240915:240915  INFO  TDRV:ucode_print_hash                        SEQ UCODE IMGs from ucode lib - ENG: pe, iram md5hash: 0xa09af37658b916de7ca91e08c513367d, dram md5hash: 0x64ece29664b8d28c597162ed9f5a07d1
2026-Jul-02 23:05:18.750494 240915:240915  INFO  TDRV:ucode_print_hash                        SEQ UCODE IMGs from ucode lib - ENG: act, iram md5hash: 0x6fd03fc17d631b5b41beeea7c74110b9, dram md5hash: 0xf1d8d02216b4f4fdd31dcfb380a0c08a
2026-Jul-02 23:05:18.750649 240915:240915  INFO  TDRV:ucode_print_hash                        SEQ UCODE IMGs from ucode lib - ENG: pool, iram md5hash: 0x0dec91409be9b137bc5dce1a8c3cde80, dram md5hash: 0xe2478c83875b2cea6a6d2f69e48d90f3
2026-Jul-02 23:05:18.750792 240915:240915  INFO  TDRV:ucode_print_hash                        SEQ UCODE IMGs from ucode lib - ENG: dve, iram md5hash: 0x13aaf7e60a6d939e280cb09623ab7a35, dram md5hash: 0x1ea843a78cc1f76383ed6b372d029214
2026-Jul-02 23:05:18.750948 240915:240915  INFO  TDRV:ucode_print_hash                        SEQ UCODE IMGs from ucode lib - ENG: sp, iram md5hash: 0x97c685359099aa52298e8bb2fc463db2, dram md5hash: 0x1ae53218b284a7f46f99ac4d95443e2f
2026-Jul-02 23:05:18.751164 240915:240915  INFO  TDRV:ucode_print_hash                        SEQ UCODE IMGs from ucode lib - ENG: Q7, iram md5hash: 0xfa068885577109761d814f0966d3b776, dram md5hash: 0xcd426140bedbc9176466d7ad763ecec7
2026-Jul-02 23:05:18.753650 240915:240915  INFO  TDRV:ucode_print_hash                        SEQ UCODE IMGs from ucode lib - ENG: pe, iram md5hash: 0xa09af37658b916de7ca91e08c513367d, dram md5hash: 0x64ece29664b8d28c597162ed9f5a07d1
2026-Jul-02 23:05:18.753784 240915:240915  INFO  TDRV:ucode_print_hash                        SEQ UCODE IMGs from ucode lib - ENG: act, iram md5hash: 0x6fd03fc17d631b5b41beeea7c74110b9, dram md5hash: 0xf1d8d02216b4f4fdd31dcfb380a0c08a
2026-Jul-02 23:05:18.753939 240915:240915  INFO  TDRV:ucode_print_hash                        SEQ UCODE IMGs from ucode lib - ENG: pool, iram md5hash: 0x0dec91409be9b137bc5dce1a8c3cde80, dram md5hash: 0xe2478c83875b2cea6a6d2f69e48d90f3
2026-Jul-02 23:05:18.754085 240915:240915  INFO  TDRV:ucode_print_hash                        SEQ UCODE IMGs from ucode lib - ENG: dve, iram md5hash: 0x13aaf7e60a6d939e280cb09623ab7a35, dram md5hash: 0x1ea843a78cc1f76383ed6b372d029214
2026-Jul-02 23:05:18.754255 240915:240915  INFO  TDRV:ucode_print_hash                        SEQ UCODE IMGs from ucode lib - ENG: sp, iram md5hash: 0x97c685359099aa52298e8bb2fc463db2, dram md5hash: 0x1ae53218b284a7f46f99ac4d95443e2f
2026-Jul-02 23:05:18.754462 240915:240915  INFO  TDRV:ucode_print_hash                        SEQ UCODE IMGs from ucode lib - ENG: Q7, iram md5hash: 0xfa068885577109761d814f0966d3b776, dram md5hash: 0xcd426140bedbc9176466d7ad763ecec7
2026-Jul-02 23:05:18.766090 240915:240915  INFO  TDRV:tdrv_init_one_mla_phase2                Initialized vcore: 54
2026-Jul-02 23:05:18.769371 240915:240915  INFO  TDRV:ucode_print_hash                        SEQ UCODE IMGs from ucode lib - ENG: pe, iram md5hash: 0xa09af37658b916de7ca91e08c513367d, dram md5hash: 0x64ece29664b8d28c597162ed9f5a07d1
2026-Jul-02 23:05:18.769505 240915:240915  INFO  TDRV:ucode_print_hash                        SEQ UCODE IMGs from ucode lib - ENG: act, iram md5hash: 0x6fd03fc17d631b5b41beeea7c74110b9, dram md5hash: 0xf1d8d02216b4f4fdd31dcfb380a0c08a
2026-Jul-02 23:05:18.769659 240915:240915  INFO  TDRV:ucode_print_hash                        SEQ UCODE IMGs from ucode lib - ENG: pool, iram md5hash: 0x0dec91409be9b137bc5dce1a8c3cde80, dram md5hash: 0xe2478c83875b2cea6a6d2f69e48d90f3
2026-Jul-02 23:05:18.769802 240915:240915  INFO  TDRV:ucode_print_hash                        SEQ UCODE IMGs from ucode lib - ENG: dve, iram md5hash: 0x13aaf7e60a6d939e280cb09623ab7a35, dram md5hash: 0x1ea843a78cc1f76383ed6b372d029214
2026-Jul-02 23:05:18.769958 240915:240915  INFO  TDRV:ucode_print_hash                        SEQ UCODE IMGs from ucode lib - ENG: sp, iram md5hash: 0x97c685359099aa52298e8bb2fc463db2, dram md5hash: 0x1ae53218b284a7f46f99ac4d95443e2f
2026-Jul-02 23:05:18.770174 240915:240915  INFO  TDRV:ucode_print_hash                        SEQ UCODE IMGs from ucode lib - ENG: Q7, iram md5hash: 0xfa068885577109761d814f0966d3b776, dram md5hash: 0xcd426140bedbc9176466d7ad763ecec7
2026-Jul-02 23:05:18.772586 240915:240915  INFO  TDRV:ucode_print_hash                        SEQ UCODE IMGs from ucode lib - ENG: pe, iram md5hash: 0xa09af37658b916de7ca91e08c513367d, dram md5hash: 0x64ece29664b8d28c597162ed9f5a07d1
2026-Jul-02 23:05:18.772720 240915:240915  INFO  TDRV:ucode_print_hash                        SEQ UCODE IMGs from ucode lib - ENG: act, iram md5hash: 0x6fd03fc17d631b5b41beeea7c74110b9, dram md5hash: 0xf1d8d02216b4f4fdd31dcfb380a0c08a
2026-Jul-02 23:05:18.772875 240915:240915  INFO  TDRV:ucode_print_hash                        SEQ UCODE IMGs from ucode lib - ENG: pool, iram md5hash: 0x0dec91409be9b137bc5dce1a8c3cde80, dram md5hash: 0xe2478c83875b2cea6a6d2f69e48d90f3
2026-Jul-02 23:05:18.773018 240915:240915  INFO  TDRV:ucode_print_hash                        SEQ UCODE IMGs from ucode lib - ENG: dve, iram md5hash: 0x13aaf7e60a6d939e280cb09623ab7a35, dram md5hash: 0x1ea843a78cc1f76383ed6b372d029214
2026-Jul-02 23:05:18.773185 240915:240915  INFO  TDRV:ucode_print_hash                        SEQ UCODE IMGs from ucode lib - ENG: sp, iram md5hash: 0x97c685359099aa52298e8bb2fc463db2, dram md5hash: 0x1ae53218b284a7f46f99ac4d95443e2f
2026-Jul-02 23:05:18.773392 240915:240915  INFO  TDRV:ucode_print_hash                        SEQ UCODE IMGs from ucode lib - ENG: Q7, iram md5hash: 0xfa068885577109761d814f0966d3b776, dram md5hash: 0xcd426140bedbc9176466d7ad763ecec7
2026-Jul-02 23:05:18.784774 240915:240915  INFO  TDRV:tdrv_init_one_mla_phase2                Initialized vcore: 55
2026-Jul-02 23:05:18.787279 240915:240915  INFO  TDRV:ucode_print_hash                        SEQ UCODE IMGs from ucode lib - ENG: pe, iram md5hash: 0xa09af37658b916de7ca91e08c513367d, dram md5hash: 0x64ece29664b8d28c597162ed9f5a07d1
2026-Jul-02 23:05:18.787413 240915:240915  INFO  TDRV:ucode_print_hash                        SEQ UCODE IMGs from ucode lib - ENG: act, iram md5hash: 0x6fd03fc17d631b5b41beeea7c74110b9, dram md5hash: 0xf1d8d02216b4f4fdd31dcfb380a0c08a
2026-Jul-02 23:05:18.787571 240915:240915  INFO  TDRV:ucode_print_hash                        SEQ UCODE IMGs from ucode lib - ENG: pool, iram md5hash: 0x0dec91409be9b137bc5dce1a8c3cde80, dram md5hash: 0xe2478c83875b2cea6a6d2f69e48d90f3
2026-Jul-02 23:05:18.787715 240915:240915  INFO  TDRV:ucode_print_hash                        SEQ UCODE IMGs from ucode lib - ENG: dve, iram md5hash: 0x13aaf7e60a6d939e280cb09623ab7a35, dram md5hash: 0x1ea843a78cc1f76383ed6b372d029214
2026-Jul-02 23:05:18.787893 240915:240915  INFO  TDRV:ucode_print_hash                        SEQ UCODE IMGs from ucode lib - ENG: sp, iram md5hash: 0x97c685359099aa52298e8bb2fc463db2, dram md5hash: 0x1ae53218b284a7f46f99ac4d95443e2f
2026-Jul-02 23:05:18.788112 240915:240915  INFO  TDRV:ucode_print_hash                        SEQ UCODE IMGs from ucode lib - ENG: Q7, iram md5hash: 0xfa068885577109761d814f0966d3b776, dram md5hash: 0xcd426140bedbc9176466d7ad763ecec7
2026-Jul-02 23:05:18.790588 240915:240915  INFO  TDRV:ucode_print_hash                        SEQ UCODE IMGs from ucode lib - ENG: pe, iram md5hash: 0xa09af37658b916de7ca91e08c513367d, dram md5hash: 0x64ece29664b8d28c597162ed9f5a07d1
2026-Jul-02 23:05:18.790723 240915:240915  INFO  TDRV:ucode_print_hash                        SEQ UCODE IMGs from ucode lib - ENG: act, iram md5hash: 0x6fd03fc17d631b5b41beeea7c74110b9, dram md5hash: 0xf1d8d02216b4f4fdd31dcfb380a0c08a
2026-Jul-02 23:05:18.790878 240915:240915  INFO  TDRV:ucode_print_hash                        SEQ UCODE IMGs from ucode lib - ENG: pool, iram md5hash: 0x0dec91409be9b137bc5dce1a8c3cde80, dram md5hash: 0xe2478c83875b2cea6a6d2f69e48d90f3
2026-Jul-02 23:05:18.791021 240915:240915  INFO  TDRV:ucode_print_hash                        SEQ UCODE IMGs from ucode lib - ENG: dve, iram md5hash: 0x13aaf7e60a6d939e280cb09623ab7a35, dram md5hash: 0x1ea843a78cc1f76383ed6b372d029214
2026-Jul-02 23:05:18.791190 240915:240915  INFO  TDRV:ucode_print_hash                        SEQ UCODE IMGs from ucode lib - ENG: sp, iram md5hash: 0x97c685359099aa52298e8bb2fc463db2, dram md5hash: 0x1ae53218b284a7f46f99ac4d95443e2f
2026-Jul-02 23:05:18.791397 240915:240915  INFO  TDRV:ucode_print_hash                        SEQ UCODE IMGs from ucode lib - ENG: Q7, iram md5hash: 0xfa068885577109761d814f0966d3b776, dram md5hash: 0xcd426140bedbc9176466d7ad763ecec7
2026-Jul-02 23:05:18.803265 240915:240915  INFO  TDRV:tdrv_init_one_mla_phase2                Initialized vcore: 56
2026-Jul-02 23:05:18.806521 240915:240915  INFO  TDRV:ucode_print_hash                        SEQ UCODE IMGs from ucode lib - ENG: pe, iram md5hash: 0xa09af37658b916de7ca91e08c513367d, dram md5hash: 0x64ece29664b8d28c597162ed9f5a07d1
2026-Jul-02 23:05:18.806655 240915:240915  INFO  TDRV:ucode_print_hash                        SEQ UCODE IMGs from ucode lib - ENG: act, iram md5hash: 0x6fd03fc17d631b5b41beeea7c74110b9, dram md5hash: 0xf1d8d02216b4f4fdd31dcfb380a0c08a
2026-Jul-02 23:05:18.806810 240915:240915  INFO  TDRV:ucode_print_hash                        SEQ UCODE IMGs from ucode lib - ENG: pool, iram md5hash: 0x0dec91409be9b137bc5dce1a8c3cde80, dram md5hash: 0xe2478c83875b2cea6a6d2f69e48d90f3
2026-Jul-02 23:05:18.806953 240915:240915  INFO  TDRV:ucode_print_hash                        SEQ UCODE IMGs from ucode lib - ENG: dve, iram md5hash: 0x13aaf7e60a6d939e280cb09623ab7a35, dram md5hash: 0x1ea843a78cc1f76383ed6b372d029214
2026-Jul-02 23:05:18.807109 240915:240915  INFO  TDRV:ucode_print_hash                        SEQ UCODE IMGs from ucode lib - ENG: sp, iram md5hash: 0x97c685359099aa52298e8bb2fc463db2, dram md5hash: 0x1ae53218b284a7f46f99ac4d95443e2f
2026-Jul-02 23:05:18.807325 240915:240915  INFO  TDRV:ucode_print_hash                        SEQ UCODE IMGs from ucode lib - ENG: Q7, iram md5hash: 0xfa068885577109761d814f0966d3b776, dram md5hash: 0xcd426140bedbc9176466d7ad763ecec7
2026-Jul-02 23:05:18.809740 240915:240915  INFO  TDRV:ucode_print_hash                        SEQ UCODE IMGs from ucode lib - ENG: pe, iram md5hash: 0xa09af37658b916de7ca91e08c513367d, dram md5hash: 0x64ece29664b8d28c597162ed9f5a07d1
2026-Jul-02 23:05:18.809878 240915:240915  INFO  TDRV:ucode_print_hash                        SEQ UCODE IMGs from ucode lib - ENG: act, iram md5hash: 0x6fd03fc17d631b5b41beeea7c74110b9, dram md5hash: 0xf1d8d02216b4f4fdd31dcfb380a0c08a
2026-Jul-02 23:05:18.810033 240915:240915  INFO  TDRV:ucode_print_hash                        SEQ UCODE IMGs from ucode lib - ENG: pool, iram md5hash: 0x0dec91409be9b137bc5dce1a8c3cde80, dram md5hash: 0xe2478c83875b2cea6a6d2f69e48d90f3
2026-Jul-02 23:05:18.810191 240915:240915  INFO  TDRV:ucode_print_hash                        SEQ UCODE IMGs from ucode lib - ENG: dve, iram md5hash: 0x13aaf7e60a6d939e280cb09623ab7a35, dram md5hash: 0x1ea843a78cc1f76383ed6b372d029214
2026-Jul-02 23:05:18.810348 240915:240915  INFO  TDRV:ucode_print_hash                        SEQ UCODE IMGs from ucode lib - ENG: sp, iram md5hash: 0x97c685359099aa52298e8bb2fc463db2, dram md5hash: 0x1ae53218b284a7f46f99ac4d95443e2f
2026-Jul-02 23:05:18.810554 240915:240915  INFO  TDRV:ucode_print_hash                        SEQ UCODE IMGs from ucode lib - ENG: Q7, iram md5hash: 0xfa068885577109761d814f0966d3b776, dram md5hash: 0xcd426140bedbc9176466d7ad763ecec7
2026-Jul-02 23:05:18.822042 240915:240915  INFO  TDRV:tdrv_init_one_mla_phase2                Initialized vcore: 57
2026-Jul-02 23:05:18.827116 240915:240915  INFO  TDRV:ucode_print_hash                        SEQ UCODE IMGs from ucode lib - ENG: pe, iram md5hash: 0xa09af37658b916de7ca91e08c513367d, dram md5hash: 0x64ece29664b8d28c597162ed9f5a07d1
2026-Jul-02 23:05:18.827260 240915:240915  INFO  TDRV:ucode_print_hash                        SEQ UCODE IMGs from ucode lib - ENG: act, iram md5hash: 0x6fd03fc17d631b5b41beeea7c74110b9, dram md5hash: 0xf1d8d02216b4f4fdd31dcfb380a0c08a
2026-Jul-02 23:05:18.827416 240915:240915  INFO  TDRV:ucode_print_hash                        SEQ UCODE IMGs from ucode lib - ENG: pool, iram md5hash: 0x0dec91409be9b137bc5dce1a8c3cde80, dram md5hash: 0xe2478c83875b2cea6a6d2f69e48d90f3
2026-Jul-02 23:05:18.827559 240915:240915  INFO  TDRV:ucode_print_hash                        SEQ UCODE IMGs from ucode lib - ENG: dve, iram md5hash: 0x13aaf7e60a6d939e280cb09623ab7a35, dram md5hash: 0x1ea843a78cc1f76383ed6b372d029214
2026-Jul-02 23:05:18.827715 240915:240915  INFO  TDRV:ucode_print_hash                        SEQ UCODE IMGs from ucode lib - ENG: sp, iram md5hash: 0x97c685359099aa52298e8bb2fc463db2, dram md5hash: 0x1ae53218b284a7f46f99ac4d95443e2f
2026-Jul-02 23:05:18.827952 240915:240915  INFO  TDRV:ucode_print_hash                        SEQ UCODE IMGs from ucode lib - ENG: Q7, iram md5hash: 0xfa068885577109761d814f0966d3b776, dram md5hash: 0xcd426140bedbc9176466d7ad763ecec7
2026-Jul-02 23:05:18.830603 240915:240915  INFO  TDRV:ucode_print_hash                        SEQ UCODE IMGs from ucode lib - ENG: pe, iram md5hash: 0xa09af37658b916de7ca91e08c513367d, dram md5hash: 0x64ece29664b8d28c597162ed9f5a07d1
2026-Jul-02 23:05:18.830737 240915:240915  INFO  TDRV:ucode_print_hash                        SEQ UCODE IMGs from ucode lib - ENG: act, iram md5hash: 0x6fd03fc17d631b5b41beeea7c74110b9, dram md5hash: 0xf1d8d02216b4f4fdd31dcfb380a0c08a
2026-Jul-02 23:05:18.830892 240915:240915  INFO  TDRV:ucode_print_hash                        SEQ UCODE IMGs from ucode lib - ENG: pool, iram md5hash: 0x0dec91409be9b137bc5dce1a8c3cde80, dram md5hash: 0xe2478c83875b2cea6a6d2f69e48d90f3
2026-Jul-02 23:05:18.831035 240915:240915  INFO  TDRV:ucode_print_hash                        SEQ UCODE IMGs from ucode lib - ENG: dve, iram md5hash: 0x13aaf7e60a6d939e280cb09623ab7a35, dram md5hash: 0x1ea843a78cc1f76383ed6b372d029214
2026-Jul-02 23:05:18.831204 240915:240915  INFO  TDRV:ucode_print_hash                        SEQ UCODE IMGs from ucode lib - ENG: sp, iram md5hash: 0x97c685359099aa52298e8bb2fc463db2, dram md5hash: 0x1ae53218b284a7f46f99ac4d95443e2f
2026-Jul-02 23:05:18.831411 240915:240915  INFO  TDRV:ucode_print_hash                        SEQ UCODE IMGs from ucode lib - ENG: Q7, iram md5hash: 0xfa068885577109761d814f0966d3b776, dram md5hash: 0xcd426140bedbc9176466d7ad763ecec7
2026-Jul-02 23:05:18.844016 240915:240915  INFO  TDRV:tdrv_init_one_mla_phase2                Initialized vcore: 58
2026-Jul-02 23:05:18.849862 240915:240915  INFO  TDRV:ucode_print_hash                        SEQ UCODE IMGs from ucode lib - ENG: pe, iram md5hash: 0xa09af37658b916de7ca91e08c513367d, dram md5hash: 0x64ece29664b8d28c597162ed9f5a07d1
2026-Jul-02 23:05:18.849996 240915:240915  INFO  TDRV:ucode_print_hash                        SEQ UCODE IMGs from ucode lib - ENG: act, iram md5hash: 0x6fd03fc17d631b5b41beeea7c74110b9, dram md5hash: 0xf1d8d02216b4f4fdd31dcfb380a0c08a
2026-Jul-02 23:05:18.850162 240915:240915  INFO  TDRV:ucode_print_hash                        SEQ UCODE IMGs from ucode lib - ENG: pool, iram md5hash: 0x0dec91409be9b137bc5dce1a8c3cde80, dram md5hash: 0xe2478c83875b2cea6a6d2f69e48d90f3
2026-Jul-02 23:05:18.850306 240915:240915  INFO  TDRV:ucode_print_hash                        SEQ UCODE IMGs from ucode lib - ENG: dve, iram md5hash: 0x13aaf7e60a6d939e280cb09623ab7a35, dram md5hash: 0x1ea843a78cc1f76383ed6b372d029214
2026-Jul-02 23:05:18.850462 240915:240915  INFO  TDRV:ucode_print_hash                        SEQ UCODE IMGs from ucode lib - ENG: sp, iram md5hash: 0x97c685359099aa52298e8bb2fc463db2, dram md5hash: 0x1ae53218b284a7f46f99ac4d95443e2f
2026-Jul-02 23:05:18.850668 240915:240915  INFO  TDRV:ucode_print_hash                        SEQ UCODE IMGs from ucode lib - ENG: Q7, iram md5hash: 0xfa068885577109761d814f0966d3b776, dram md5hash: 0xcd426140bedbc9176466d7ad763ecec7
2026-Jul-02 23:05:18.853300 240915:240915  INFO  TDRV:ucode_print_hash                        SEQ UCODE IMGs from ucode lib - ENG: pe, iram md5hash: 0xa09af37658b916de7ca91e08c513367d, dram md5hash: 0x64ece29664b8d28c597162ed9f5a07d1
2026-Jul-02 23:05:18.853435 240915:240915  INFO  TDRV:ucode_print_hash                        SEQ UCODE IMGs from ucode lib - ENG: act, iram md5hash: 0x6fd03fc17d631b5b41beeea7c74110b9, dram md5hash: 0xf1d8d02216b4f4fdd31dcfb380a0c08a
2026-Jul-02 23:05:18.853590 240915:240915  INFO  TDRV:ucode_print_hash                        SEQ UCODE IMGs from ucode lib - ENG: pool, iram md5hash: 0x0dec91409be9b137bc5dce1a8c3cde80, dram md5hash: 0xe2478c83875b2cea6a6d2f69e48d90f3
2026-Jul-02 23:05:18.853733 240915:240915  INFO  TDRV:ucode_print_hash                        SEQ UCODE IMGs from ucode lib - ENG: dve, iram md5hash: 0x13aaf7e60a6d939e280cb09623ab7a35, dram md5hash: 0x1ea843a78cc1f76383ed6b372d029214
2026-Jul-02 23:05:18.853889 240915:240915  INFO  TDRV:ucode_print_hash                        SEQ UCODE IMGs from ucode lib - ENG: sp, iram md5hash: 0x97c685359099aa52298e8bb2fc463db2, dram md5hash: 0x1ae53218b284a7f46f99ac4d95443e2f
2026-Jul-02 23:05:18.854095 240915:240915  INFO  TDRV:ucode_print_hash                        SEQ UCODE IMGs from ucode lib - ENG: Q7, iram md5hash: 0xfa068885577109761d814f0966d3b776, dram md5hash: 0xcd426140bedbc9176466d7ad763ecec7
2026-Jul-02 23:05:18.866878 240915:240915  INFO  TDRV:tdrv_init_one_mla_phase2                Initialized vcore: 59
2026-Jul-02 23:05:18.871996 240915:240915  INFO  TDRV:ucode_print_hash                        SEQ UCODE IMGs from ucode lib - ENG: pe, iram md5hash: 0xa09af37658b916de7ca91e08c513367d, dram md5hash: 0x64ece29664b8d28c597162ed9f5a07d1
2026-Jul-02 23:05:18.872144 240915:240915  INFO  TDRV:ucode_print_hash                        SEQ UCODE IMGs from ucode lib - ENG: act, iram md5hash: 0x6fd03fc17d631b5b41beeea7c74110b9, dram md5hash: 0xf1d8d02216b4f4fdd31dcfb380a0c08a
2026-Jul-02 23:05:18.872333 240915:240915  INFO  TDRV:ucode_print_hash                        SEQ UCODE IMGs from ucode lib - ENG: pool, iram md5hash: 0x0dec91409be9b137bc5dce1a8c3cde80, dram md5hash: 0xe2478c83875b2cea6a6d2f69e48d90f3
2026-Jul-02 23:05:18.872499 240915:240915  INFO  TDRV:ucode_print_hash                        SEQ UCODE IMGs from ucode lib - ENG: dve, iram md5hash: 0x13aaf7e60a6d939e280cb09623ab7a35, dram md5hash: 0x1ea843a78cc1f76383ed6b372d029214
2026-Jul-02 23:05:18.872674 240915:240915  INFO  TDRV:ucode_print_hash                        SEQ UCODE IMGs from ucode lib - ENG: sp, iram md5hash: 0x97c685359099aa52298e8bb2fc463db2, dram md5hash: 0x1ae53218b284a7f46f99ac4d95443e2f
2026-Jul-02 23:05:18.872880 240915:240915  INFO  TDRV:ucode_print_hash                        SEQ UCODE IMGs from ucode lib - ENG: Q7, iram md5hash: 0xfa068885577109761d814f0966d3b776, dram md5hash: 0xcd426140bedbc9176466d7ad763ecec7
2026-Jul-02 23:05:18.875484 240915:240915  INFO  TDRV:ucode_print_hash                        SEQ UCODE IMGs from ucode lib - ENG: pe, iram md5hash: 0xa09af37658b916de7ca91e08c513367d, dram md5hash: 0x64ece29664b8d28c597162ed9f5a07d1
2026-Jul-02 23:05:18.875618 240915:240915  INFO  TDRV:ucode_print_hash                        SEQ UCODE IMGs from ucode lib - ENG: act, iram md5hash: 0x6fd03fc17d631b5b41beeea7c74110b9, dram md5hash: 0xf1d8d02216b4f4fdd31dcfb380a0c08a
2026-Jul-02 23:05:18.875773 240915:240915  INFO  TDRV:ucode_print_hash                        SEQ UCODE IMGs from ucode lib - ENG: pool, iram md5hash: 0x0dec91409be9b137bc5dce1a8c3cde80, dram md5hash: 0xe2478c83875b2cea6a6d2f69e48d90f3
2026-Jul-02 23:05:18.875949 240915:240915  INFO  TDRV:ucode_print_hash                        SEQ UCODE IMGs from ucode lib - ENG: dve, iram md5hash: 0x13aaf7e60a6d939e280cb09623ab7a35, dram md5hash: 0x1ea843a78cc1f76383ed6b372d029214
2026-Jul-02 23:05:18.876128 240915:240915  INFO  TDRV:ucode_print_hash                        SEQ UCODE IMGs from ucode lib - ENG: sp, iram md5hash: 0x97c685359099aa52298e8bb2fc463db2, dram md5hash: 0x1ae53218b284a7f46f99ac4d95443e2f
2026-Jul-02 23:05:18.876380 240915:240915  INFO  TDRV:ucode_print_hash                        SEQ UCODE IMGs from ucode lib - ENG: Q7, iram md5hash: 0xfa068885577109761d814f0966d3b776, dram md5hash: 0xcd426140bedbc9176466d7ad763ecec7
2026-Jul-02 23:05:18.889121 240915:240915  INFO  TDRV:tdrv_init_one_mla_phase2                Initialized vcore: 60
2026-Jul-02 23:05:18.894991 240915:240915  INFO  TDRV:ucode_print_hash                        SEQ UCODE IMGs from ucode lib - ENG: pe, iram md5hash: 0xa09af37658b916de7ca91e08c513367d, dram md5hash: 0x64ece29664b8d28c597162ed9f5a07d1
2026-Jul-02 23:05:18.895125 240915:240915  INFO  TDRV:ucode_print_hash                        SEQ UCODE IMGs from ucode lib - ENG: act, iram md5hash: 0x6fd03fc17d631b5b41beeea7c74110b9, dram md5hash: 0xf1d8d02216b4f4fdd31dcfb380a0c08a
2026-Jul-02 23:05:18.895291 240915:240915  INFO  TDRV:ucode_print_hash                        SEQ UCODE IMGs from ucode lib - ENG: pool, iram md5hash: 0x0dec91409be9b137bc5dce1a8c3cde80, dram md5hash: 0xe2478c83875b2cea6a6d2f69e48d90f3
2026-Jul-02 23:05:18.895435 240915:240915  INFO  TDRV:ucode_print_hash                        SEQ UCODE IMGs from ucode lib - ENG: dve, iram md5hash: 0x13aaf7e60a6d939e280cb09623ab7a35, dram md5hash: 0x1ea843a78cc1f76383ed6b372d029214
2026-Jul-02 23:05:18.895591 240915:240915  INFO  TDRV:ucode_print_hash                        SEQ UCODE IMGs from ucode lib - ENG: sp, iram md5hash: 0x97c685359099aa52298e8bb2fc463db2, dram md5hash: 0x1ae53218b284a7f46f99ac4d95443e2f
2026-Jul-02 23:05:18.895800 240915:240915  INFO  TDRV:ucode_print_hash                        SEQ UCODE IMGs from ucode lib - ENG: Q7, iram md5hash: 0xfa068885577109761d814f0966d3b776, dram md5hash: 0xcd426140bedbc9176466d7ad763ecec7
2026-Jul-02 23:05:18.898432 240915:240915  INFO  TDRV:ucode_print_hash                        SEQ UCODE IMGs from ucode lib - ENG: pe, iram md5hash: 0xa09af37658b916de7ca91e08c513367d, dram md5hash: 0x64ece29664b8d28c597162ed9f5a07d1
2026-Jul-02 23:05:18.898567 240915:240915  INFO  TDRV:ucode_print_hash                        SEQ UCODE IMGs from ucode lib - ENG: act, iram md5hash: 0x6fd03fc17d631b5b41beeea7c74110b9, dram md5hash: 0xf1d8d02216b4f4fdd31dcfb380a0c08a
2026-Jul-02 23:05:18.898721 240915:240915  INFO  TDRV:ucode_print_hash                        SEQ UCODE IMGs from ucode lib - ENG: pool, iram md5hash: 0x0dec91409be9b137bc5dce1a8c3cde80, dram md5hash: 0xe2478c83875b2cea6a6d2f69e48d90f3
2026-Jul-02 23:05:18.898868 240915:240915  INFO  TDRV:ucode_print_hash                        SEQ UCODE IMGs from ucode lib - ENG: dve, iram md5hash: 0x13aaf7e60a6d939e280cb09623ab7a35, dram md5hash: 0x1ea843a78cc1f76383ed6b372d029214
2026-Jul-02 23:05:18.899024 240915:240915  INFO  TDRV:ucode_print_hash                        SEQ UCODE IMGs from ucode lib - ENG: sp, iram md5hash: 0x97c685359099aa52298e8bb2fc463db2, dram md5hash: 0x1ae53218b284a7f46f99ac4d95443e2f
2026-Jul-02 23:05:18.899242 240915:240915  INFO  TDRV:ucode_print_hash                        SEQ UCODE IMGs from ucode lib - ENG: Q7, iram md5hash: 0xfa068885577109761d814f0966d3b776, dram md5hash: 0xcd426140bedbc9176466d7ad763ecec7
2026-Jul-02 23:05:18.912176 240915:240915  INFO  TDRV:tdrv_init_one_mla_phase2                Initialized vcore: 61
2026-Jul-02 23:05:18.914682 240915:240915  INFO  TDRV:ucode_print_hash                        SEQ UCODE IMGs from ucode lib - ENG: pe, iram md5hash: 0xa09af37658b916de7ca91e08c513367d, dram md5hash: 0x64ece29664b8d28c597162ed9f5a07d1
2026-Jul-02 23:05:18.914816 240915:240915  INFO  TDRV:ucode_print_hash                        SEQ UCODE IMGs from ucode lib - ENG: act, iram md5hash: 0x6fd03fc17d631b5b41beeea7c74110b9, dram md5hash: 0xf1d8d02216b4f4fdd31dcfb380a0c08a
2026-Jul-02 23:05:18.914970 240915:240915  INFO  TDRV:ucode_print_hash                        SEQ UCODE IMGs from ucode lib - ENG: pool, iram md5hash: 0x0dec91409be9b137bc5dce1a8c3cde80, dram md5hash: 0xe2478c83875b2cea6a6d2f69e48d90f3
2026-Jul-02 23:05:18.915114 240915:240915  INFO  TDRV:ucode_print_hash                        SEQ UCODE IMGs from ucode lib - ENG: dve, iram md5hash: 0x13aaf7e60a6d939e280cb09623ab7a35, dram md5hash: 0x1ea843a78cc1f76383ed6b372d029214
2026-Jul-02 23:05:18.915280 240915:240915  INFO  TDRV:ucode_print_hash                        SEQ UCODE IMGs from ucode lib - ENG: sp, iram md5hash: 0x97c685359099aa52298e8bb2fc463db2, dram md5hash: 0x1ae53218b284a7f46f99ac4d95443e2f
2026-Jul-02 23:05:18.915487 240915:240915  INFO  TDRV:ucode_print_hash                        SEQ UCODE IMGs from ucode lib - ENG: Q7, iram md5hash: 0xfa068885577109761d814f0966d3b776, dram md5hash: 0xcd426140bedbc9176466d7ad763ecec7
2026-Jul-02 23:05:18.918011 240915:240915  INFO  TDRV:ucode_print_hash                        SEQ UCODE IMGs from ucode lib - ENG: pe, iram md5hash: 0xa09af37658b916de7ca91e08c513367d, dram md5hash: 0x64ece29664b8d28c597162ed9f5a07d1
2026-Jul-02 23:05:18.918146 240915:240915  INFO  TDRV:ucode_print_hash                        SEQ UCODE IMGs from ucode lib - ENG: act, iram md5hash: 0x6fd03fc17d631b5b41beeea7c74110b9, dram md5hash: 0xf1d8d02216b4f4fdd31dcfb380a0c08a
2026-Jul-02 23:05:18.918317 240915:240915  INFO  TDRV:ucode_print_hash                        SEQ UCODE IMGs from ucode lib - ENG: pool, iram md5hash: 0x0dec91409be9b137bc5dce1a8c3cde80, dram md5hash: 0xe2478c83875b2cea6a6d2f69e48d90f3
2026-Jul-02 23:05:18.918461 240915:240915  INFO  TDRV:ucode_print_hash                        SEQ UCODE IMGs from ucode lib - ENG: dve, iram md5hash: 0x13aaf7e60a6d939e280cb09623ab7a35, dram md5hash: 0x1ea843a78cc1f76383ed6b372d029214
2026-Jul-02 23:05:18.918617 240915:240915  INFO  TDRV:ucode_print_hash                        SEQ UCODE IMGs from ucode lib - ENG: sp, iram md5hash: 0x97c685359099aa52298e8bb2fc463db2, dram md5hash: 0x1ae53218b284a7f46f99ac4d95443e2f
2026-Jul-02 23:05:18.918823 240915:240915  INFO  TDRV:ucode_print_hash                        SEQ UCODE IMGs from ucode lib - ENG: Q7, iram md5hash: 0xfa068885577109761d814f0966d3b776, dram md5hash: 0xcd426140bedbc9176466d7ad763ecec7
2026-Jul-02 23:05:18.930715 240915:240915  INFO  TDRV:tdrv_init_one_mla_phase2                Initialized vcore: 62
2026-Jul-02 23:05:18.934004 240915:240915  INFO  TDRV:ucode_print_hash                        SEQ UCODE IMGs from ucode lib - ENG: pe, iram md5hash: 0xa09af37658b916de7ca91e08c513367d, dram md5hash: 0x64ece29664b8d28c597162ed9f5a07d1
2026-Jul-02 23:05:18.934138 240915:240915  INFO  TDRV:ucode_print_hash                        SEQ UCODE IMGs from ucode lib - ENG: act, iram md5hash: 0x6fd03fc17d631b5b41beeea7c74110b9, dram md5hash: 0xf1d8d02216b4f4fdd31dcfb380a0c08a
2026-Jul-02 23:05:18.934307 240915:240915  INFO  TDRV:ucode_print_hash                        SEQ UCODE IMGs from ucode lib - ENG: pool, iram md5hash: 0x0dec91409be9b137bc5dce1a8c3cde80, dram md5hash: 0xe2478c83875b2cea6a6d2f69e48d90f3
2026-Jul-02 23:05:18.934451 240915:240915  INFO  TDRV:ucode_print_hash                        SEQ UCODE IMGs from ucode lib - ENG: dve, iram md5hash: 0x13aaf7e60a6d939e280cb09623ab7a35, dram md5hash: 0x1ea843a78cc1f76383ed6b372d029214
2026-Jul-02 23:05:18.934607 240915:240915  INFO  TDRV:ucode_print_hash                        SEQ UCODE IMGs from ucode lib - ENG: sp, iram md5hash: 0x97c685359099aa52298e8bb2fc463db2, dram md5hash: 0x1ae53218b284a7f46f99ac4d95443e2f
2026-Jul-02 23:05:18.934813 240915:240915  INFO  TDRV:ucode_print_hash                        SEQ UCODE IMGs from ucode lib - ENG: Q7, iram md5hash: 0xfa068885577109761d814f0966d3b776, dram md5hash: 0xcd426140bedbc9176466d7ad763ecec7
2026-Jul-02 23:05:18.937247 240915:240915  INFO  TDRV:ucode_print_hash                        SEQ UCODE IMGs from ucode lib - ENG: pe, iram md5hash: 0xa09af37658b916de7ca91e08c513367d, dram md5hash: 0x64ece29664b8d28c597162ed9f5a07d1
2026-Jul-02 23:05:18.937381 240915:240915  INFO  TDRV:ucode_print_hash                        SEQ UCODE IMGs from ucode lib - ENG: act, iram md5hash: 0x6fd03fc17d631b5b41beeea7c74110b9, dram md5hash: 0xf1d8d02216b4f4fdd31dcfb380a0c08a
2026-Jul-02 23:05:18.937536 240915:240915  INFO  TDRV:ucode_print_hash                        SEQ UCODE IMGs from ucode lib - ENG: pool, iram md5hash: 0x0dec91409be9b137bc5dce1a8c3cde80, dram md5hash: 0xe2478c83875b2cea6a6d2f69e48d90f3
2026-Jul-02 23:05:18.937679 240915:240915  INFO  TDRV:ucode_print_hash                        SEQ UCODE IMGs from ucode lib - ENG: dve, iram md5hash: 0x13aaf7e60a6d939e280cb09623ab7a35, dram md5hash: 0x1ea843a78cc1f76383ed6b372d029214
2026-Jul-02 23:05:18.937835 240915:240915  INFO  TDRV:ucode_print_hash                        SEQ UCODE IMGs from ucode lib - ENG: sp, iram md5hash: 0x97c685359099aa52298e8bb2fc463db2, dram md5hash: 0x1ae53218b284a7f46f99ac4d95443e2f
2026-Jul-02 23:05:18.938041 240915:240915  INFO  TDRV:ucode_print_hash                        SEQ UCODE IMGs from ucode lib - ENG: Q7, iram md5hash: 0xfa068885577109761d814f0966d3b776, dram md5hash: 0xcd426140bedbc9176466d7ad763ecec7
2026-Jul-02 23:05:18.949594 240915:240915  INFO  TDRV:tdrv_init_one_mla_phase2                Initialized vcore: 63
2026-Jul-02 23:05:18.998584 240915:240915  INFO   NRT:nrt_infodump                            Neuron runtime information - please include in any support request:
2026-Jul-02 23:05:18.998596 240915:240915  INFO   NRT:nrt_infodump                            ------------->8------------[ cut here ]------------>8-------------
2026-Jul-02 23:05:18.998598 240915:240915  INFO   NRT:nrt_infodump                            NRT version: 2.32.19.0 (f98095770e466b1adda67d496430fd607511113e)
2026-Jul-02 23:05:18.998600 240915:240915  INFO   NRT:nrt_infodump                            Embedded FW version: 1.22.0.0 (8d9f5a1c78551eb3823587d6bb9575f9011314da) loaded from "libnrtucode_extisa.so"
2026-Jul-02 23:05:18.998608 240915:240915  INFO   NRT:nrt_infodump                            CCOM version: 2.32.16.0- (compat 92)
2026-Jul-02 23:05:18.998610 240915:240915  INFO   NRT:nrt_infodump                            NCFW version: 2.32.4.0 (943312e67265addc0dd5dbe9d2b2c784f2faa8f0)
2026-Jul-02 23:05:18.998612 240915:240915  INFO   NRT:nrt_infodump                            Instance ID: i-038786075e02b9697
2026-Jul-02 23:05:18.998613 240915:240915  INFO   NRT:nrt_infodump                            Cluster ID: N/A
2026-Jul-02 23:05:18.998614 240915:240915  INFO   NRT:nrt_infodump                            Kernel: Linux 6.17.0-1015-aws #15~24.04.1-Ubuntu SMP Thu May  7 17:00:14 UTC 2026
2026-Jul-02 23:05:18.998616 240915:240915  INFO   NRT:nrt_infodump                            Nodename: ip-172-31-17-190
2026-Jul-02 23:05:18.998629 240915:240915  INFO   NRT:nrt_infodump                            Driver version: 2.28.0.0

2026-Jul-02 23:05:18.998634 240915:240915  INFO   NRT:nrt_infodump                            Visible cores: 0, 1, 2, 3, 4, 5, 6, 7, 8, 9, 10, 11, 12, 13, 14, 15, 16, 17, 18, 19, 20, 21, 22, 23, 24, 25, 26, 27, 28, 29, 30, 31, 32, 33, 34, 35, 36, 37, 38, 39, 40, 41, 42, 43, 44, 45, 46, 47, 48, 49, 50, 51, 52, 53, 54, 55, 56, 57, 58, 59, 60, 61, 62, 63
2026-Jul-02 23:05:18.998636 240915:240915  INFO   NRT:nrt_infodump                            Environment:
2026-Jul-02 23:05:18.998638 240915:240915  INFO   NRT:nrt_infodump                                NEURON_RT_LOG_LEVEL=INFO
2026-Jul-02 23:05:18.998639 240915:240915  INFO   NRT:nrt_infodump                                NEURON_FRAMEWORK_DEBUG=1
2026-Jul-02 23:05:18.998640 240915:240915  INFO   NRT:nrt_infodump                                NEURON_RT_EXEC_TIMEOUT=60
2026-Jul-02 23:05:18.998642 240915:240915  INFO   NRT:nrt_infodump                                NEURON_LAUNCH_BLOCKING=0
2026-Jul-02 23:05:18.998643 240915:240915  INFO   NRT:nrt_infodump                                NEURON_RT_ALLOW_LEGACY_NEFF=1
2026-Jul-02 23:05:18.998644 240915:240915  INFO   NRT:nrt_infodump                                NEURON_RT_DBG_ZEROCOPY=1
2026-Jul-02 23:05:18.998645 240915:240915  INFO   NRT:nrt_infodump                                NEURON_RT_MAP_HBM=1
2026-Jul-02 23:05:18.998647 240915:240915  INFO   NRT:nrt_infodump                                NEURON_RT_DISABLE_EXECUTION_BARRIER=0
2026-Jul-02 23:05:18.998648 240915:240915  INFO   NRT:nrt_infodump                            -------------8<-----------[ cut to here ]-----------8<------------
[trunk.pt] running forward_256 on neuron ...
2026-Jul-02 23:05:21.345049 240915:241115  INFO  NMGR:kmgr_load_nn_internal                   Loading NN: module.neff version: 2.0, LNC start: 0
2026-Jul-02 23:05:21.345243 240915:241115  INFO  NMGR:enter_cache                             NEFF load cache - first worker, creating cache
2026-Jul-02 23:05:21.345616 240915:241115  INFO  NMGR:kmgr_load_nn_internal                   module.neff mac_count: 0
2026-Jul-02 23:05:21.345954 240915:241117  INFO  TDRV:drs_create_data_refill_rings            Rank: 0, Vring: qPoolDynamic has 0/0 desc's, total tx/rx size: 0/0
2026-Jul-02 23:05:21.350479 240915:241117  INFO  TDRV:dml_log_dev_neff_mem                    
[ND 0:NC 4] Current Usage Total: 1.414GB
	Shared Scratchpad: 0.000B
	Tensors: 1.412GB
Per NEFF memory usage breakdown for [module.neff]:
	Total: 50.695KB
	* model code: 22.688KB
	* model constants: 0.000B
	* scratchpad: 0.000B
	* runtime: 26.008KB
	* dma rings io: 0.000B
	* dma rings spill: 0.000B
	* dma rings collectives: 0.000B
	* dma rings runtime: 2.000KB
	* collectives: 0.000B

2026-Jul-02 23:05:21.350514 240915:241118  INFO  TDRV:dml_log_dev_neff_mem                    
[ND 0:NC 5] Current Usage Total: 1.773MB
	Shared Scratchpad: 0.000B
	Tensors: 0.000B
Per NEFF memory usage breakdown for [module.neff]:
	Total: 50.250KB
	* model code: 22.250KB
	* model constants: 0.000B
	* scratchpad: 0.000B
	* runtime: 26.000KB
	* dma rings io: 0.000B
	* dma rings spill: 0.000B
	* dma rings collectives: 0.000B
	* dma rings runtime: 2.000KB
	* collectives: 0.000B

2026-Jul-02 23:05:21.350759 240915:241115  INFO  NMGR:kmgr_load_nn_internal_v2                Loaded NN "module.neff" ID: 0
2026-Jul-02 23:05:21.350782 240915:241115  INFO  NMGR:release_tmp_neff_cache                  NEFF load cache - cleared by the last worker
2026-Jul-02 23:05:21.350785 240915:241115  INFO  NMGR:kmgr_load_nn_post_metrics               NN: module.neff, loaded successfully
2026-Jul-02 23:05:21.351243 240915:241115  INFO  NMGR:kmgr_load_nn_internal                   Loading NN: module.neff version: 2.0, LNC start: 0
2026-Jul-02 23:05:21.351250 240915:241115  INFO  NMGR:enter_cache                             NEFF load cache - first worker, creating cache
2026-Jul-02 23:05:21.353573 240915:241115  INFO  NMGR:kmgr_load_nn_internal                   module.neff mac_count: 0
2026-Jul-02 23:05:21.353897 240915:241119  INFO  TDRV:drs_create_data_refill_rings            Rank: 0, Vring: qActDynamicHW has 0/0 desc's, total tx/rx size: 0/0
2026-Jul-02 23:05:21.353914 240915:241119  INFO  TDRV:drs_create_data_refill_rings            Rank: 0, Vring: qPoolDynamic has 0/0 desc's, total tx/rx size: 0/0
2026-Jul-02 23:05:21.353922 240915:241119  INFO  TDRV:drs_create_data_refill_rings            Rank: 0, Vring: qSPDynamicHW has 0/0 desc's, total tx/rx size: 0/0
2026-Jul-02 23:05:21.354006 240915:241120  INFO  TDRV:drs_create_data_refill_rings            Rank: 0, Vring: qActDynamicHW has 0/0 desc's, total tx/rx size: 0/0
2026-Jul-02 23:05:21.354026 240915:241120  INFO  TDRV:drs_create_data_refill_rings            Rank: 0, Vring: qPoolDynamic has 0/0 desc's, total tx/rx size: 0/0
2026-Jul-02 23:05:21.354038 240915:241120  INFO  TDRV:drs_create_data_refill_rings            Rank: 0, Vring: qSPDynamicHW has 0/0 desc's, total tx/rx size: 0/0
2026-Jul-02 23:05:21.358475 240915:241119  INFO  TDRV:dml_log_dev_neff_mem                    
[ND 0:NC 4] Current Usage Total: 1.977GB
	Shared Scratchpad: 512.000MB
	Tensors: 1.475GB
Per NEFF memory usage breakdown for [module.neff]:
	Total: 214.320KB
	* model code: 102.312KB
	* model constants: 0.000B
	* scratchpad: 0.000B
	* runtime: 108.008KB
	* dma rings io: 0.000B
	* dma rings spill: 0.000B
	* dma rings collectives: 0.000B
	* dma rings runtime: 4.000KB
	* collectives: 0.000B

2026-Jul-02 23:05:21.359414 240915:241120  INFO  TDRV:dml_log_dev_neff_mem                    
[ND 0:NC 5] Current Usage Total: 513.982MB
	Shared Scratchpad: 512.000MB
	Tensors: 0.000B
Per NEFF memory usage breakdown for [module.neff]:
	Total: 214.320KB
	* model code: 102.312KB
	* model constants: 0.000B
	* scratchpad: 0.000B
	* runtime: 108.008KB
	* dma rings io: 0.000B
	* dma rings spill: 0.000B
	* dma rings collectives: 0.000B
	* dma rings runtime: 4.000KB
	* collectives: 0.000B

2026-Jul-02 23:05:21.359588 240915:241115  INFO  NMGR:kmgr_load_nn_internal_v2                Loaded NN "module.neff" ID: 0
2026-Jul-02 23:05:21.359621 240915:241115  INFO  NMGR:release_tmp_neff_cache                  NEFF load cache - cleared by the last worker
2026-Jul-02 23:05:21.359623 240915:241115  INFO  NMGR:kmgr_load_nn_post_metrics               NN: module.neff, loaded successfully
2026-Jul-02 23:05:21.359879 240915:241115  INFO  NMGR:kmgr_load_nn_internal                   Loading NN: module.neff version: 2.0, LNC start: 0
2026-Jul-02 23:05:21.359884 240915:241115  INFO  NMGR:enter_cache                             NEFF load cache - first worker, creating cache
2026-Jul-02 23:05:21.360189 240915:241115  INFO  NMGR:kmgr_load_nn_internal                   module.neff mac_count: 0
2026-Jul-02 23:05:21.360268 240915:241121  INFO  TDRV:drs_create_data_refill_rings            Rank: 0, Vring: qPoolDynamic has 0/0 desc's, total tx/rx size: 0/0
2026-Jul-02 23:05:21.361545 240915:241121  INFO  TDRV:dml_log_dev_neff_mem                    
[ND 0:NC 4] Current Usage Total: 1.977GB
	Shared Scratchpad: 512.000MB
	Tensors: 1.475GB
Per NEFF memory usage breakdown for [module.neff]:
	Total: 50.695KB
	* model code: 22.688KB
	* model constants: 0.000B
	* scratchpad: 0.000B
	* runtime: 26.008KB
	* dma rings io: 0.000B
	* dma rings spill: 0.000B
	* dma rings collectives: 0.000B
	* dma rings runtime: 2.000KB
	* collectives: 0.000B

2026-Jul-02 23:05:21.361694 240915:241122  INFO  TDRV:dml_log_dev_neff_mem                    
[ND 0:NC 5] Current Usage Total: 514.031MB
	Shared Scratchpad: 512.000MB
	Tensors: 0.000B
Per NEFF memory usage breakdown for [module.neff]:
	Total: 50.250KB
	* model code: 22.250KB
	* model constants: 0.000B
	* scratchpad: 0.000B
	* runtime: 26.000KB
	* dma rings io: 0.000B
	* dma rings spill: 0.000B
	* dma rings collectives: 0.000B
	* dma rings runtime: 2.000KB
	* collectives: 0.000B

2026-Jul-02 23:05:21.361761 240915:241115  INFO  NMGR:kmgr_load_nn_internal_v2                Loaded NN "module.neff" ID: 0
2026-Jul-02 23:05:21.361787 240915:241115  INFO  NMGR:release_tmp_neff_cache                  NEFF load cache - cleared by the last worker
2026-Jul-02 23:05:21.361789 240915:241115  INFO  NMGR:kmgr_load_nn_post_metrics               NN: module.neff, loaded successfully
2026-Jul-02 23:05:21.361965 240915:241115  INFO  NMGR:kmgr_load_nn_internal                   Loading NN: module.neff version: 2.0, LNC start: 0
2026-Jul-02 23:05:21.361968 240915:241115  INFO  NMGR:enter_cache                             NEFF load cache - first worker, creating cache
2026-Jul-02 23:05:21.362240 240915:241115  INFO  NMGR:kmgr_load_nn_internal                   module.neff mac_count: 0
2026-Jul-02 23:05:21.362489 240915:241123  INFO  TDRV:drs_create_data_refill_rings            Rank: 0, Vring: qPoolDynamic has 0/0 desc's, total tx/rx size: 0/0
2026-Jul-02 23:05:21.363795 240915:241124  INFO  TDRV:dml_log_dev_neff_mem                    
[ND 0:NC 5] Current Usage Total: 514.080MB
	Shared Scratchpad: 512.000MB
	Tensors: 0.000B
Per NEFF memory usage breakdown for [module.neff]:
	Total: 50.250KB
	* model code: 22.250KB
	* model constants: 0.000B
	* scratchpad: 0.000B
	* runtime: 26.000KB
	* dma rings io: 0.000B
	* dma rings spill: 0.000B
	* dma rings collectives: 0.000B
	* dma rings runtime: 2.000KB
	* collectives: 0.000B

2026-Jul-02 23:05:21.364176 240915:241123  INFO  TDRV:dml_log_dev_neff_mem                    
[ND 0:NC 4] Current Usage Total: 1.977GB
	Shared Scratchpad: 512.000MB
	Tensors: 1.475GB
Per NEFF memory usage breakdown for [module.neff]:
	Total: 50.695KB
	* model code: 22.688KB
	* model constants: 0.000B
	* scratchpad: 0.000B
	* runtime: 26.008KB
	* dma rings io: 0.000B
	* dma rings spill: 0.000B
	* dma rings collectives: 0.000B
	* dma rings runtime: 2.000KB
	* collectives: 0.000B

2026-Jul-02 23:05:21.364231 240915:241115  INFO  NMGR:kmgr_load_nn_internal_v2                Loaded NN "module.neff" ID: 0
2026-Jul-02 23:05:21.364240 240915:241115  INFO  NMGR:release_tmp_neff_cache                  NEFF load cache - cleared by the last worker
2026-Jul-02 23:05:21.364242 240915:241115  INFO  NMGR:kmgr_load_nn_post_metrics               NN: module.neff, loaded successfully
2026-Jul-02 23:05:21.364390 240915:241115  INFO  NMGR:kmgr_load_nn_internal                   Loading NN: module.neff version: 2.0, LNC start: 0
2026-Jul-02 23:05:21.364392 240915:241115  INFO  NMGR:enter_cache                             NEFF load cache - first worker, creating cache
2026-Jul-02 23:05:21.366416 240915:241115  INFO  NMGR:kmgr_load_nn_internal                   module.neff mac_count: 4294967296
2026-Jul-02 23:05:21.366674 240915:241125  INFO  TDRV:drs_create_data_refill_rings            Rank: 0, Vring: qPoolDynamic has 0/0 desc's, total tx/rx size: 0/0
2026-Jul-02 23:05:21.366690 240915:241125  INFO  TDRV:drs_create_data_refill_rings            Rank: 0, Vring: qSPDynamicHW has 0/0 desc's, total tx/rx size: 0/0
2026-Jul-02 23:05:21.366725 240915:241126  INFO  TDRV:drs_create_data_refill_rings            Rank: 0, Vring: qPoolDynamic has 0/0 desc's, total tx/rx size: 0/0
2026-Jul-02 23:05:21.366739 240915:241126  INFO  TDRV:drs_create_data_refill_rings            Rank: 0, Vring: qSPDynamicHW has 0/0 desc's, total tx/rx size: 0/0
2026-Jul-02 23:05:21.368743 240915:241126  INFO  TDRV:dml_log_dev_neff_mem                    
[ND 0:NC 5] Current Usage Total: 514.394MB
	Shared Scratchpad: 512.000MB
	Tensors: 0.000B
Per NEFF memory usage breakdown for [module.neff]:
	Total: 320.945KB
	* model code: 176.938KB
	* model constants: 32.000KB
	* scratchpad: 0.000B
	* runtime: 108.008KB
	* dma rings io: 0.000B
	* dma rings spill: 0.000B
	* dma rings collectives: 0.000B
	* dma rings runtime: 4.000KB
	* collectives: 0.000B

2026-Jul-02 23:05:21.369063 240915:241125  INFO  TDRV:dml_log_dev_neff_mem                    
[ND 0:NC 4] Current Usage Total: 1.977GB
	Shared Scratchpad: 512.000MB
	Tensors: 1.475GB
Per NEFF memory usage breakdown for [module.neff]:
	Total: 320.945KB
	* model code: 176.938KB
	* model constants: 32.000KB
	* scratchpad: 0.000B
	* runtime: 108.008KB
	* dma rings io: 0.000B
	* dma rings spill: 0.000B
	* dma rings collectives: 0.000B
	* dma rings runtime: 4.000KB
	* collectives: 0.000B

2026-Jul-02 23:05:21.369130 240915:241115  INFO  NMGR:kmgr_load_nn_internal_v2                Loaded NN "module.neff" ID: 0
2026-Jul-02 23:05:21.369163 240915:241115  INFO  NMGR:release_tmp_neff_cache                  NEFF load cache - cleared by the last worker
2026-Jul-02 23:05:21.369167 240915:241115  INFO  NMGR:kmgr_load_nn_post_metrics               NN: module.neff, loaded successfully
2026-Jul-02 23:05:21.369274 240915:241115  INFO  NMGR:kmgr_load_nn_internal                   Loading NN: module.neff version: 2.0, LNC start: 0
2026-Jul-02 23:05:21.369276 240915:241115  INFO  NMGR:enter_cache                             NEFF load cache - first worker, creating cache
2026-Jul-02 23:05:21.369775 240915:241115  INFO  NMGR:kmgr_load_nn_internal                   module.neff mac_count: 0
2026-Jul-02 23:05:21.369927 240915:241127  INFO  TDRV:drs_create_data_refill_rings            Rank: 0, Vring: qPoolDynamic has 0/0 desc's, total tx/rx size: 0/0
2026-Jul-02 23:05:21.369988 240915:241128  INFO  TDRV:drs_create_data_refill_rings            Rank: 0, Vring: qPoolDynamic has 0/0 desc's, total tx/rx size: 0/0
2026-Jul-02 23:05:21.371263 240915:241127  INFO  TDRV:dml_log_dev_neff_mem                    
[ND 0:NC 4] Current Usage Total: 1.977GB
	Shared Scratchpad: 512.000MB
	Tensors: 1.475GB
Per NEFF memory usage breakdown for [module.neff]:
	Total: 63.758KB
	* model code: 35.750KB
	* model constants: 0.000B
	* scratchpad: 0.000B
	* runtime: 26.008KB
	* dma rings io: 0.000B
	* dma rings spill: 0.000B
	* dma rings collectives: 0.000B
	* dma rings runtime: 2.000KB
	* collectives: 0.000B

2026-Jul-02 23:05:21.371298 240915:241128  INFO  TDRV:dml_log_dev_neff_mem                    
[ND 0:NC 5] Current Usage Total: 514.456MB
	Shared Scratchpad: 512.000MB
	Tensors: 0.000B
Per NEFF memory usage breakdown for [module.neff]:
	Total: 63.758KB
	* model code: 35.750KB
	* model constants: 0.000B
	* scratchpad: 0.000B
	* runtime: 26.008KB
	* dma rings io: 0.000B
	* dma rings spill: 0.000B
	* dma rings collectives: 0.000B
	* dma rings runtime: 2.000KB
	* collectives: 0.000B

2026-Jul-02 23:05:21.371426 240915:241115  INFO  NMGR:kmgr_load_nn_internal_v2                Loaded NN "module.neff" ID: 0
2026-Jul-02 23:05:21.371448 240915:241115  INFO  NMGR:release_tmp_neff_cache                  NEFF load cache - cleared by the last worker
2026-Jul-02 23:05:21.371450 240915:241115  INFO  NMGR:kmgr_load_nn_post_metrics               NN: module.neff, loaded successfully
2026-Jul-02 23:05:21.371581 240915:241115  INFO  NMGR:kmgr_load_nn_internal                   Loading NN: module.neff version: 2.0, LNC start: 0
2026-Jul-02 23:05:21.371584 240915:241115  INFO  NMGR:enter_cache                             NEFF load cache - first worker, creating cache
2026-Jul-02 23:05:21.371859 240915:241115  INFO  NMGR:kmgr_load_nn_internal                   module.neff mac_count: 0
2026-Jul-02 23:05:21.372128 240915:241129  INFO  TDRV:drs_create_data_refill_rings            Rank: 0, Vring: qPoolDynamic has 0/0 desc's, total tx/rx size: 0/0
2026-Jul-02 23:05:21.373635 240915:241130  INFO  TDRV:dml_log_dev_neff_mem                    
[ND 0:NC 5] Current Usage Total: 514.505MB
	Shared Scratchpad: 512.000MB
	Tensors: 0.000B
Per NEFF memory usage breakdown for [module.neff]:
	Total: 50.250KB
	* model code: 22.250KB
	* model constants: 0.000B
	* scratchpad: 0.000B
	* runtime: 26.000KB
	* dma rings io: 0.000B
	* dma rings spill: 0.000B
	* dma rings collectives: 0.000B
	* dma rings runtime: 2.000KB
	* collectives: 0.000B

2026-Jul-02 23:05:21.373674 240915:241129  INFO  TDRV:dml_log_dev_neff_mem                    
[ND 0:NC 4] Current Usage Total: 1.977GB
	Shared Scratchpad: 512.000MB
	Tensors: 1.475GB
Per NEFF memory usage breakdown for [module.neff]:
	Total: 50.695KB
	* model code: 22.688KB
	* model constants: 0.000B
	* scratchpad: 0.000B
	* runtime: 26.008KB
	* dma rings io: 0.000B
	* dma rings spill: 0.000B
	* dma rings collectives: 0.000B
	* dma rings runtime: 2.000KB
	* collectives: 0.000B

2026-Jul-02 23:05:21.373831 240915:241115  INFO  NMGR:kmgr_load_nn_internal_v2                Loaded NN "module.neff" ID: 0
2026-Jul-02 23:05:21.373852 240915:241115  INFO  NMGR:release_tmp_neff_cache                  NEFF load cache - cleared by the last worker
2026-Jul-02 23:05:21.373854 240915:241115  INFO  NMGR:kmgr_load_nn_post_metrics               NN: module.neff, loaded successfully
2026-Jul-02 23:05:21.373992 240915:241115  INFO  NMGR:kmgr_load_nn_internal                   Loading NN: module.neff version: 2.0, LNC start: 0
2026-Jul-02 23:05:21.373995 240915:241115  INFO  NMGR:enter_cache                             NEFF load cache - first worker, creating cache
2026-Jul-02 23:05:21.374901 240915:241115  INFO  NMGR:kmgr_load_nn_internal                   module.neff mac_count: 0
2026-Jul-02 23:05:21.375111 240915:241131  INFO  TDRV:drs_create_data_refill_rings            Rank: 0, Vring: qPoolDynamic has 0/0 desc's, total tx/rx size: 0/0
2026-Jul-02 23:05:21.375125 240915:241131  INFO  TDRV:drs_create_data_refill_rings            Rank: 0, Vring: qSPDynamicHW has 0/0 desc's, total tx/rx size: 0/0
2026-Jul-02 23:05:21.375191 240915:241132  INFO  TDRV:drs_create_data_refill_rings            Rank: 0, Vring: qPoolDynamic has 0/0 desc's, total tx/rx size: 0/0
2026-Jul-02 23:05:21.375212 240915:241132  INFO  TDRV:drs_create_data_refill_rings            Rank: 0, Vring: qSPDynamicHW has 0/0 desc's, total tx/rx size: 0/0
2026-Jul-02 23:05:21.376984 240915:241131  INFO  TDRV:dml_log_dev_neff_mem                    
[ND 0:NC 4] Current Usage Total: 1.977GB
	Shared Scratchpad: 512.000MB
	Tensors: 1.475GB
Per NEFF memory usage breakdown for [module.neff]:
	Total: 201.570KB
	* model code: 25.562KB
	* model constants: 64.000KB
	* scratchpad: 0.000B
	* runtime: 108.008KB
	* dma rings io: 0.000B
	* dma rings spill: 0.000B
	* dma rings collectives: 0.000B
	* dma rings runtime: 4.000KB
	* collectives: 0.000B

2026-Jul-02 23:05:21.377137 240915:241132  INFO  TDRV:dml_log_dev_neff_mem                    
[ND 0:NC 5] Current Usage Total: 514.702MB
	Shared Scratchpad: 512.000MB
	Tensors: 0.000B
Per NEFF memory usage breakdown for [module.neff]:
	Total: 201.570KB
	* model code: 25.562KB
	* model constants: 64.000KB
	* scratchpad: 0.000B
	* runtime: 108.008KB
	* dma rings io: 0.000B
	* dma rings spill: 0.000B
	* dma rings collectives: 0.000B
	* dma rings runtime: 4.000KB
	* collectives: 0.000B

2026-Jul-02 23:05:21.377416 240915:241115  INFO  NMGR:kmgr_load_nn_internal_v2                Loaded NN "module.neff" ID: 0
2026-Jul-02 23:05:21.377444 240915:241115  INFO  NMGR:release_tmp_neff_cache                  NEFF load cache - cleared by the last worker
2026-Jul-02 23:05:21.377446 240915:241115  INFO  NMGR:kmgr_load_nn_post_metrics               NN: module.neff, loaded successfully
2026-Jul-02 23:05:21.377570 240915:241115  INFO  NMGR:kmgr_load_nn_internal                   Loading NN: module.neff version: 2.0, LNC start: 0
2026-Jul-02 23:05:21.377572 240915:241115  INFO  NMGR:enter_cache                             NEFF load cache - first worker, creating cache
2026-Jul-02 23:05:21.377836 240915:241115  INFO  NMGR:kmgr_load_nn_internal                   module.neff mac_count: 0
2026-Jul-02 23:05:21.378038 240915:241133  INFO  TDRV:drs_create_data_refill_rings            Rank: 0, Vring: qPoolDynamic has 0/0 desc's, total tx/rx size: 0/0
2026-Jul-02 23:05:21.379388 240915:241133  INFO  TDRV:dml_log_dev_neff_mem                    
[ND 0:NC 4] Current Usage Total: 1.977GB
	Shared Scratchpad: 512.000MB
	Tensors: 1.475GB
Per NEFF memory usage breakdown for [module.neff]:
	Total: 50.695KB
	* model code: 22.688KB
	* model constants: 0.000B
	* scratchpad: 0.000B
	* runtime: 26.008KB
	* dma rings io: 0.000B
	* dma rings spill: 0.000B
	* dma rings collectives: 0.000B
	* dma rings runtime: 2.000KB
	* collectives: 0.000B

2026-Jul-02 23:05:21.379424 240915:241134  INFO  TDRV:dml_log_dev_neff_mem                    
[ND 0:NC 5] Current Usage Total: 514.751MB
	Shared Scratchpad: 512.000MB
	Tensors: 0.000B
Per NEFF memory usage breakdown for [module.neff]:
	Total: 50.250KB
	* model code: 22.250KB
	* model constants: 0.000B
	* scratchpad: 0.000B
	* runtime: 26.000KB
	* dma rings io: 0.000B
	* dma rings spill: 0.000B
	* dma rings collectives: 0.000B
	* dma rings runtime: 2.000KB
	* collectives: 0.000B

2026-Jul-02 23:05:21.379555 240915:241115  INFO  NMGR:kmgr_load_nn_internal_v2                Loaded NN "module.neff" ID: 0
2026-Jul-02 23:05:21.379575 240915:241115  INFO  NMGR:release_tmp_neff_cache                  NEFF load cache - cleared by the last worker
2026-Jul-02 23:05:21.379577 240915:241115  INFO  NMGR:kmgr_load_nn_post_metrics               NN: module.neff, loaded successfully
2026-Jul-02 23:05:21.379707 240915:241115  INFO  NMGR:kmgr_load_nn_internal                   Loading NN: module.neff version: 2.0, LNC start: 0
2026-Jul-02 23:05:21.379710 240915:241115  INFO  NMGR:enter_cache                             NEFF load cache - first worker, creating cache
2026-Jul-02 23:05:21.380016 240915:241115  INFO  NMGR:kmgr_load_nn_internal                   module.neff mac_count: 0
2026-Jul-02 23:05:21.380203 240915:241135  INFO  TDRV:drs_create_data_refill_rings            Rank: 0, Vring: qPoolDynamic has 0/0 desc's, total tx/rx size: 0/0
2026-Jul-02 23:05:21.381577 240915:241135  INFO  TDRV:dml_log_dev_neff_mem                    
[ND 0:NC 4] Current Usage Total: 1.977GB
	Shared Scratchpad: 512.000MB
	Tensors: 1.475GB
Per NEFF memory usage breakdown for [module.neff]:
	Total: 50.695KB
	* model code: 22.688KB
	* model constants: 0.000B
	* scratchpad: 0.000B
	* runtime: 26.008KB
	* dma rings io: 0.000B
	* dma rings spill: 0.000B
	* dma rings collectives: 0.000B
	* dma rings runtime: 2.000KB
	* collectives: 0.000B

2026-Jul-02 23:05:21.381695 240915:241136  INFO  TDRV:dml_log_dev_neff_mem                    
[ND 0:NC 5] Current Usage Total: 514.800MB
	Shared Scratchpad: 512.000MB
	Tensors: 0.000B
Per NEFF memory usage breakdown for [module.neff]:
	Total: 50.250KB
	* model code: 22.250KB
	* model constants: 0.000B
	* scratchpad: 0.000B
	* runtime: 26.000KB
	* dma rings io: 0.000B
	* dma rings spill: 0.000B
	* dma rings collectives: 0.000B
	* dma rings runtime: 2.000KB
	* collectives: 0.000B

2026-Jul-02 23:05:21.381750 240915:241115  INFO  NMGR:kmgr_load_nn_internal_v2                Loaded NN "module.neff" ID: 0
2026-Jul-02 23:05:21.381763 240915:241115  INFO  NMGR:release_tmp_neff_cache                  NEFF load cache - cleared by the last worker
2026-Jul-02 23:05:21.381764 240915:241115  INFO  NMGR:kmgr_load_nn_post_metrics               NN: module.neff, loaded successfully
2026-Jul-02 23:05:21.381853 240915:241115  INFO  NMGR:kmgr_load_nn_internal                   Loading NN: module.neff version: 2.0, LNC start: 0
2026-Jul-02 23:05:21.381855 240915:241115  INFO  NMGR:enter_cache                             NEFF load cache - first worker, creating cache
2026-Jul-02 23:05:21.382704 240915:241115  INFO  NMGR:kmgr_load_nn_internal                   module.neff mac_count: 37748736
2026-Jul-02 23:05:21.382904 240915:241137  INFO  TDRV:drs_create_data_refill_rings            Rank: 0, Vring: qPoolDynamic has 0/0 desc's, total tx/rx size: 0/0
2026-Jul-02 23:05:21.382917 240915:241137  INFO  TDRV:drs_create_data_refill_rings            Rank: 0, Vring: qSPDynamicHW has 0/0 desc's, total tx/rx size: 0/0
2026-Jul-02 23:05:21.382955 240915:241138  INFO  TDRV:drs_create_data_refill_rings            Rank: 0, Vring: qPoolDynamic has 0/0 desc's, total tx/rx size: 0/0
2026-Jul-02 23:05:21.382968 240915:241138  INFO  TDRV:drs_create_data_refill_rings            Rank: 0, Vring: qSPDynamicHW has 0/0 desc's, total tx/rx size: 0/0
2026-Jul-02 23:05:21.384963 240915:241138  INFO  TDRV:dml_log_dev_neff_mem                    
[ND 0:NC 5] Current Usage Total: 514.966MB
	Shared Scratchpad: 512.000MB
	Tensors: 0.000B
Per NEFF memory usage breakdown for [module.neff]:
	Total: 169.820KB
	* model code: 25.812KB
	* model constants: 32.000KB
	* scratchpad: 0.000B
	* runtime: 108.008KB
	* dma rings io: 0.000B
	* dma rings spill: 0.000B
	* dma rings collectives: 0.000B
	* dma rings runtime: 4.000KB
	* collectives: 0.000B

2026-Jul-02 23:05:21.384978 240915:241137  INFO  TDRV:dml_log_dev_neff_mem                    
[ND 0:NC 4] Current Usage Total: 1.978GB
	Shared Scratchpad: 512.000MB
	Tensors: 1.475GB
Per NEFF memory usage breakdown for [module.neff]:
	Total: 169.820KB
	* model code: 25.812KB
	* model constants: 32.000KB
	* scratchpad: 0.000B
	* runtime: 108.008KB
	* dma rings io: 0.000B
	* dma rings spill: 0.000B
	* dma rings collectives: 0.000B
	* dma rings runtime: 4.000KB
	* collectives: 0.000B

2026-Jul-02 23:05:21.385211 240915:241115  INFO  NMGR:kmgr_load_nn_internal_v2                Loaded NN "module.neff" ID: 0
2026-Jul-02 23:05:21.385232 240915:241115  INFO  NMGR:release_tmp_neff_cache                  NEFF load cache - cleared by the last worker
2026-Jul-02 23:05:21.385234 240915:241115  INFO  NMGR:kmgr_load_nn_post_metrics               NN: module.neff, loaded successfully
2026-Jul-02 23:05:21.385344 240915:241115  INFO  NMGR:kmgr_load_nn_internal                   Loading NN: module.neff version: 2.0, LNC start: 0
2026-Jul-02 23:05:21.385346 240915:241115  INFO  NMGR:enter_cache                             NEFF load cache - first worker, creating cache
2026-Jul-02 23:05:21.385696 240915:241115  INFO  NMGR:kmgr_load_nn_internal                   module.neff mac_count: 0
2026-Jul-02 23:05:21.385863 240915:241139  INFO  TDRV:drs_create_data_refill_rings            Rank: 0, Vring: qPoolDynamic has 0/0 desc's, total tx/rx size: 0/0
2026-Jul-02 23:05:21.385911 240915:241140  INFO  TDRV:drs_create_data_refill_rings            Rank: 0, Vring: qPoolDynamic has 0/0 desc's, total tx/rx size: 0/0
2026-Jul-02 23:05:21.387440 240915:241140  INFO  TDRV:dml_log_dev_neff_mem                    
[ND 0:NC 5] Current Usage Total: 515.016MB
	Shared Scratchpad: 512.000MB
	Tensors: 0.000B
Per NEFF memory usage breakdown for [module.neff]:
	Total: 50.945KB
	* model code: 22.938KB
	* model constants: 0.000B
	* scratchpad: 0.000B
	* runtime: 26.008KB
	* dma rings io: 0.000B
	* dma rings spill: 0.000B
	* dma rings collectives: 0.000B
	* dma rings runtime: 2.000KB
	* collectives: 0.000B

2026-Jul-02 23:05:21.387459 240915:241139  INFO  TDRV:dml_log_dev_neff_mem                    
[ND 0:NC 4] Current Usage Total: 1.978GB
	Shared Scratchpad: 512.000MB
	Tensors: 1.475GB
Per NEFF memory usage breakdown for [module.neff]:
	Total: 50.945KB
	* model code: 22.938KB
	* model constants: 0.000B
	* scratchpad: 0.000B
	* runtime: 26.008KB
	* dma rings io: 0.000B
	* dma rings spill: 0.000B
	* dma rings collectives: 0.000B
	* dma rings runtime: 2.000KB
	* collectives: 0.000B

2026-Jul-02 23:05:21.387616 240915:241115  INFO  NMGR:kmgr_load_nn_internal_v2                Loaded NN "module.neff" ID: 0
2026-Jul-02 23:05:21.387637 240915:241115  INFO  NMGR:release_tmp_neff_cache                  NEFF load cache - cleared by the last worker
2026-Jul-02 23:05:21.387639 240915:241115  INFO  NMGR:kmgr_load_nn_post_metrics               NN: module.neff, loaded successfully
2026-Jul-02 23:05:21.387781 240915:241115  INFO  NMGR:kmgr_load_nn_internal                   Loading NN: module.neff version: 2.0, LNC start: 0
2026-Jul-02 23:05:21.387784 240915:241115  INFO  NMGR:enter_cache                             NEFF load cache - first worker, creating cache
2026-Jul-02 23:05:21.388698 240915:241115  INFO  NMGR:kmgr_load_nn_internal                   module.neff mac_count: 0
2026-Jul-02 23:05:21.388801 240915:241141  INFO  TDRV:drs_create_data_refill_rings            Rank: 0, Vring: qPoolDynamic has 0/0 desc's, total tx/rx size: 0/0
2026-Jul-02 23:05:21.388831 240915:241142  INFO  TDRV:drs_create_data_refill_rings            Rank: 0, Vring: qPoolDynamic has 0/0 desc's, total tx/rx size: 0/0
2026-Jul-02 23:05:21.388986 240915:241141  INFO  TDRV:io_create_queues                        Rank: 0, Vring: qSPIO0 has 18/18 desc's, total tx/rx size: 576/576
2026-Jul-02 23:05:21.388992 240915:241142  INFO  TDRV:io_create_queues                        Rank: 0, Vring: qSPIO0 has 18/18 desc's, total tx/rx size: 576/576
2026-Jul-02 23:05:21.392245 240915:241142  INFO  TDRV:dml_log_dev_neff_mem                    
[ND 0:NC 5] Current Usage Total: 515.196MB
	Shared Scratchpad: 512.000MB
	Tensors: 0.000B
Per NEFF memory usage breakdown for [module.neff]:
	Total: 185.070KB
	* model code: 26.062KB
	* model constants: 16.000KB
	* scratchpad: 0.000B
	* runtime: 108.008KB
	* dma rings io: 31.000KB
	* dma rings spill: 0.000B
	* dma rings collectives: 0.000B
	* dma rings runtime: 4.000KB
	* collectives: 0.000B

2026-Jul-02 23:05:21.392269 240915:241141  INFO  TDRV:dml_log_dev_neff_mem                    
[ND 0:NC 4] Current Usage Total: 1.978GB
	Shared Scratchpad: 512.000MB
	Tensors: 1.475GB
Per NEFF memory usage breakdown for [module.neff]:
	Total: 185.070KB
	* model code: 26.062KB
	* model constants: 16.000KB
	* scratchpad: 0.000B
	* runtime: 108.008KB
	* dma rings io: 31.000KB
	* dma rings spill: 0.000B
	* dma rings collectives: 0.000B
	* dma rings runtime: 4.000KB
	* collectives: 0.000B

2026-Jul-02 23:05:21.392354 240915:241115  INFO  NMGR:kmgr_load_nn_internal_v2                Loaded NN "module.neff" ID: 0
2026-Jul-02 23:05:21.392379 240915:241115  INFO  NMGR:release_tmp_neff_cache                  NEFF load cache - cleared by the last worker
2026-Jul-02 23:05:21.392381 240915:241115  INFO  NMGR:kmgr_load_nn_post_metrics               NN: module.neff, loaded successfully
2026-Jul-02 23:05:21.392517 240915:241115  INFO  NMGR:kmgr_load_nn_internal                   Loading NN: module.neff version: 2.0, LNC start: 0
2026-Jul-02 23:05:21.392520 240915:241115  INFO  NMGR:enter_cache                             NEFF load cache - first worker, creating cache
2026-Jul-02 23:05:21.392866 240915:241115  INFO  NMGR:kmgr_load_nn_internal                   module.neff mac_count: 0
2026-Jul-02 23:05:21.393036 240915:241143  INFO  TDRV:io_create_queues                        Rank: 0, Vring: qSPIO0 has 37/37 desc's, total tx/rx size: 1156/1156
2026-Jul-02 23:05:21.394559 240915:241144  INFO  TDRV:dml_log_dev_neff_mem                    
[ND 0:NC 5] Current Usage Total: 515.247MB
	Shared Scratchpad: 512.000MB
	Tensors: 0.000B
Per NEFF memory usage breakdown for [module.neff]:
	Total: 50.250KB
	* model code: 22.250KB
	* model constants: 0.000B
	* scratchpad: 0.000B
	* runtime: 26.000KB
	* dma rings io: 0.000B
	* dma rings spill: 0.000B
	* dma rings collectives: 0.000B
	* dma rings runtime: 2.000KB
	* collectives: 0.000B

2026-Jul-02 23:05:21.395831 240915:241143  INFO  TDRV:dml_log_dev_neff_mem                    
[ND 0:NC 4] Current Usage Total: 1.978GB
	Shared Scratchpad: 512.000MB
	Tensors: 1.475GB
Per NEFF memory usage breakdown for [module.neff]:
	Total: 81.562KB
	* model code: 23.562KB
	* model constants: 0.000B
	* scratchpad: 0.000B
	* runtime: 26.000KB
	* dma rings io: 30.000KB
	* dma rings spill: 0.000B
	* dma rings collectives: 0.000B
	* dma rings runtime: 2.000KB
	* collectives: 0.000B

2026-Jul-02 23:05:21.396137 240915:241115  INFO  NMGR:kmgr_load_nn_internal_v2                Loaded NN "module.neff" ID: 0
2026-Jul-02 23:05:21.396186 240915:241115  INFO  NMGR:release_tmp_neff_cache                  NEFF load cache - cleared by the last worker
2026-Jul-02 23:05:21.396193 240915:241115  INFO  NMGR:kmgr_load_nn_post_metrics               NN: module.neff, loaded successfully
2026-Jul-02 23:05:21.397536 240915:241115  INFO  NMGR:kmgr_load_nn_internal                   Loading NN: module.neff version: 2.0, LNC start: 0
2026-Jul-02 23:05:21.397542 240915:241115  INFO  NMGR:enter_cache                             NEFF load cache - first worker, creating cache
2026-Jul-02 23:05:21.397919 240915:241115  INFO  NMGR:kmgr_load_nn_internal                   module.neff mac_count: 0
2026-Jul-02 23:05:21.398089 240915:241145  INFO  TDRV:drs_create_data_refill_rings            Rank: 0, Vring: qActDynamicHW has 0/0 desc's, total tx/rx size: 0/0
2026-Jul-02 23:05:21.398105 240915:241145  INFO  TDRV:drs_create_data_refill_rings            Rank: 0, Vring: qPoolDynamic has 0/0 desc's, total tx/rx size: 0/0
2026-Jul-02 23:05:21.398112 240915:241145  INFO  TDRV:drs_create_data_refill_rings            Rank: 0, Vring: qSPDynamicHW has 0/0 desc's, total tx/rx size: 0/0
2026-Jul-02 23:05:21.398136 240915:241146  INFO  TDRV:drs_create_data_refill_rings            Rank: 0, Vring: qPoolDynamic has 0/0 desc's, total tx/rx size: 0/0
2026-Jul-02 23:05:21.398226 240915:241146  INFO  TDRV:drs_create_data_refill_rings            Rank: 0, Vring: qSPDynamicHW has 0/0 desc's, total tx/rx size: 0/0
2026-Jul-02 23:05:21.398231 240915:241145  INFO  TDRV:io_create_queues                        Rank: 0, Vring: qSPIO0 has 17/20 desc's, total tx/rx size: 68/68
2026-Jul-02 23:05:21.399517 240915:241146  INFO  TDRV:dml_log_dev_neff_mem                    
[ND 0:NC 5] Current Usage Total: 515.297MB
	Shared Scratchpad: 512.000MB
	Tensors: 0.000B
Per NEFF memory usage breakdown for [module.neff]:
	Total: 51.320KB
	* model code: 23.312KB
	* model constants: 0.000B
	* scratchpad: 0.000B
	* runtime: 26.008KB
	* dma rings io: 0.000B
	* dma rings spill: 0.000B
	* dma rings collectives: 0.000B
	* dma rings runtime: 2.000KB
	* collectives: 0.000B

2026-Jul-02 23:05:21.400785 240915:241145  INFO  TDRV:dml_log_dev_neff_mem                    
[ND 0:NC 4] Current Usage Total: 1.978GB
	Shared Scratchpad: 512.000MB
	Tensors: 1.475GB
Per NEFF memory usage breakdown for [module.neff]:
	Total: 83.695KB
	* model code: 24.688KB
	* model constants: 0.000B
	* scratchpad: 0.000B
	* runtime: 26.008KB
	* dma rings io: 31.000KB
	* dma rings spill: 0.000B
	* dma rings collectives: 0.000B
	* dma rings runtime: 2.000KB
	* collectives: 0.000B

2026-Jul-02 23:05:21.400847 240915:241115  INFO  NMGR:kmgr_load_nn_internal_v2                Loaded NN "module.neff" ID: 0
2026-Jul-02 23:05:21.400861 240915:241115  INFO  NMGR:release_tmp_neff_cache                  NEFF load cache - cleared by the last worker
2026-Jul-02 23:05:21.400863 240915:241115  INFO  NMGR:kmgr_load_nn_post_metrics               NN: module.neff, loaded successfully
2026-Jul-02 23:05:21.401514 240915:241115  INFO  NMGR:kmgr_load_nn_internal                   Loading NN: module.neff version: 2.0, LNC start: 0
2026-Jul-02 23:05:21.401520 240915:241115  INFO  NMGR:enter_cache                             NEFF load cache - first worker, creating cache
2026-Jul-02 23:05:21.401771 240915:241115  INFO  NMGR:kmgr_load_nn_internal                   module.neff mac_count: 0
2026-Jul-02 23:05:21.401943 240915:241147  INFO  TDRV:drs_create_data_refill_rings            Rank: 0, Vring: qPoolDynamic has 0/0 desc's, total tx/rx size: 0/0
2026-Jul-02 23:05:21.403242 240915:241147  INFO  TDRV:dml_log_dev_neff_mem                    
[ND 0:NC 4] Current Usage Total: 2.040GB
	Shared Scratchpad: 512.000MB
	Tensors: 1.537GB
Per NEFF memory usage breakdown for [module.neff]:
	Total: 50.695KB
	* model code: 22.688KB
	* model constants: 0.000B
	* scratchpad: 0.000B
	* runtime: 26.008KB
	* dma rings io: 0.000B
	* dma rings spill: 0.000B
	* dma rings collectives: 0.000B
	* dma rings runtime: 2.000KB
	* collectives: 0.000B

2026-Jul-02 23:05:21.403301 240915:241148  INFO  TDRV:dml_log_dev_neff_mem                    
[ND 0:NC 5] Current Usage Total: 515.346MB
	Shared Scratchpad: 512.000MB
	Tensors: 0.000B
Per NEFF memory usage breakdown for [module.neff]:
	Total: 50.250KB
	* model code: 22.250KB
	* model constants: 0.000B
	* scratchpad: 0.000B
	* runtime: 26.000KB
	* dma rings io: 0.000B
	* dma rings spill: 0.000B
	* dma rings collectives: 0.000B
	* dma rings runtime: 2.000KB
	* collectives: 0.000B

2026-Jul-02 23:05:21.403362 240915:241115  INFO  NMGR:kmgr_load_nn_internal_v2                Loaded NN "module.neff" ID: 0
2026-Jul-02 23:05:21.403372 240915:241115  INFO  NMGR:release_tmp_neff_cache                  NEFF load cache - cleared by the last worker
2026-Jul-02 23:05:21.403374 240915:241115  INFO  NMGR:kmgr_load_nn_post_metrics               NN: module.neff, loaded successfully
2026-Jul-02 23:05:21.407375 240915:241115  INFO  NMGR:kmgr_load_nn_internal                   Loading NN: module.neff version: 2.0, LNC start: 0
2026-Jul-02 23:05:21.407386 240915:241115  INFO  NMGR:enter_cache                             NEFF load cache - first worker, creating cache
2026-Jul-02 23:05:21.409613 240915:241115  INFO  NMGR:kmgr_load_nn_internal                   module.neff mac_count: 1073741824
2026-Jul-02 23:05:21.409866 240915:241155  INFO  TDRV:drs_create_data_refill_rings            Rank: 0, Vring: qPoolDynamic has 0/0 desc's, total tx/rx size: 0/0
2026-Jul-02 23:05:21.409881 240915:241155  INFO  TDRV:drs_create_data_refill_rings            Rank: 0, Vring: qSPDynamicHW has 0/0 desc's, total tx/rx size: 0/0
2026-Jul-02 23:05:21.409918 240915:241156  INFO  TDRV:drs_create_data_refill_rings            Rank: 0, Vring: qPoolDynamic has 0/0 desc's, total tx/rx size: 0/0
2026-Jul-02 23:05:21.409932 240915:241156  INFO  TDRV:drs_create_data_refill_rings            Rank: 0, Vring: qSPDynamicHW has 0/0 desc's, total tx/rx size: 0/0
2026-Jul-02 23:05:21.412295 240915:241155  INFO  TDRV:dml_log_dev_neff_mem                    
[ND 0:NC 4] Current Usage Total: 2.041GB
	Shared Scratchpad: 512.000MB
	Tensors: 1.537GB
Per NEFF memory usage breakdown for [module.neff]:
	Total: 318.883KB
	* model code: 174.875KB
	* model constants: 32.000KB
	* scratchpad: 0.000B
	* runtime: 108.008KB
	* dma rings io: 0.000B
	* dma rings spill: 0.000B
	* dma rings collectives: 0.000B
	* dma rings runtime: 4.000KB
	* collectives: 0.000B

2026-Jul-02 23:05:21.412305 240915:241156  INFO  TDRV:dml_log_dev_neff_mem                    
[ND 0:NC 5] Current Usage Total: 515.657MB
	Shared Scratchpad: 512.000MB
	Tensors: 0.000B
Per NEFF memory usage breakdown for [module.neff]:
	Total: 318.883KB
	* model code: 174.875KB
	* model constants: 32.000KB
	* scratchpad: 0.000B
	* runtime: 108.008KB
	* dma rings io: 0.000B
	* dma rings spill: 0.000B
	* dma rings collectives: 0.000B
	* dma rings runtime: 4.000KB
	* collectives: 0.000B

2026-Jul-02 23:05:21.412383 240915:241115  INFO  NMGR:kmgr_load_nn_internal_v2                Loaded NN "module.neff" ID: 0
2026-Jul-02 23:05:21.412409 240915:241115  INFO  NMGR:release_tmp_neff_cache                  NEFF load cache - cleared by the last worker
2026-Jul-02 23:05:21.412411 240915:241115  INFO  NMGR:kmgr_load_nn_post_metrics               NN: module.neff, loaded successfully
2026-Jul-02 23:05:21.415402 240915:241115  INFO  NMGR:kmgr_load_nn_internal                   Loading NN: module.neff version: 2.0, LNC start: 0
2026-Jul-02 23:05:21.415414 240915:241115  INFO  NMGR:enter_cache                             NEFF load cache - first worker, creating cache
2026-Jul-02 23:05:21.415789 240915:241115  INFO  NMGR:kmgr_load_nn_internal                   module.neff mac_count: 0
2026-Jul-02 23:05:21.416179 240915:241163  INFO  TDRV:drs_create_data_refill_rings            Rank: 0, Vring: qPoolDynamic has 0/0 desc's, total tx/rx size: 0/0
2026-Jul-02 23:05:21.416184 240915:241164  INFO  TDRV:drs_create_data_refill_rings            Rank: 0, Vring: qPoolDynamic has 0/0 desc's, total tx/rx size: 0/0
2026-Jul-02 23:05:21.417513 240915:241164  INFO  TDRV:dml_log_dev_neff_mem                    
[ND 0:NC 5] Current Usage Total: 515.707MB
	Shared Scratchpad: 512.000MB
	Tensors: 0.000B
Per NEFF memory usage breakdown for [module.neff]:
	Total: 51.133KB
	* model code: 23.125KB
	* model constants: 0.000B
	* scratchpad: 0.000B
	* runtime: 26.008KB
	* dma rings io: 0.000B
	* dma rings spill: 0.000B
	* dma rings collectives: 0.000B
	* dma rings runtime: 2.000KB
	* collectives: 0.000B

2026-Jul-02 23:05:21.417540 240915:241163  INFO  TDRV:dml_log_dev_neff_mem                    
[ND 0:NC 4] Current Usage Total: 2.041GB
	Shared Scratchpad: 512.000MB
	Tensors: 1.537GB
Per NEFF memory usage breakdown for [module.neff]:
	Total: 51.133KB
	* model code: 23.125KB
	* model constants: 0.000B
	* scratchpad: 0.000B
	* runtime: 26.008KB
	* dma rings io: 0.000B
	* dma rings spill: 0.000B
	* dma rings collectives: 0.000B
	* dma rings runtime: 2.000KB
	* collectives: 0.000B

2026-Jul-02 23:05:21.417604 240915:241115  INFO  NMGR:kmgr_load_nn_internal_v2                Loaded NN "module.neff" ID: 0
2026-Jul-02 23:05:21.417620 240915:241115  INFO  NMGR:release_tmp_neff_cache                  NEFF load cache - cleared by the last worker
2026-Jul-02 23:05:21.417627 240915:241115  INFO  NMGR:kmgr_load_nn_post_metrics               NN: module.neff, loaded successfully
2026-Jul-02 23:05:21.419232 240915:241115  INFO  NMGR:kmgr_load_nn_internal                   Loading NN: module.neff version: 2.0, LNC start: 0
2026-Jul-02 23:05:21.419243 240915:241115  INFO  NMGR:enter_cache                             NEFF load cache - first worker, creating cache
2026-Jul-02 23:05:21.419637 240915:241115  INFO  NMGR:kmgr_load_nn_internal                   module.neff mac_count: 0
2026-Jul-02 23:05:21.419798 240915:241168  INFO  TDRV:drs_create_data_refill_rings            Rank: 0, Vring: qPoolDynamic has 0/0 desc's, total tx/rx size: 0/0
2026-Jul-02 23:05:21.419873 240915:241169  INFO  TDRV:drs_create_data_refill_rings            Rank: 0, Vring: qPoolDynamic has 0/0 desc's, total tx/rx size: 0/0
2026-Jul-02 23:05:21.421216 240915:241169  INFO  TDRV:dml_log_dev_neff_mem                    
[ND 0:NC 5] Current Usage Total: 515.760MB
	Shared Scratchpad: 512.000MB
	Tensors: 0.000B
Per NEFF memory usage breakdown for [module.neff]:
	Total: 53.758KB
	* model code: 25.750KB
	* model constants: 0.000B
	* scratchpad: 0.000B
	* runtime: 26.008KB
	* dma rings io: 0.000B
	* dma rings spill: 0.000B
	* dma rings collectives: 0.000B
	* dma rings runtime: 2.000KB
	* collectives: 0.000B

2026-Jul-02 23:05:21.421680 240915:241168  INFO  TDRV:dml_log_dev_neff_mem                    
[ND 0:NC 4] Current Usage Total: 2.041GB
	Shared Scratchpad: 512.000MB
	Tensors: 1.537GB
Per NEFF memory usage breakdown for [module.neff]:
	Total: 53.758KB
	* model code: 25.750KB
	* model constants: 0.000B
	* scratchpad: 0.000B
	* runtime: 26.008KB
	* dma rings io: 0.000B
	* dma rings spill: 0.000B
	* dma rings collectives: 0.000B
	* dma rings runtime: 2.000KB
	* collectives: 0.000B

2026-Jul-02 23:05:21.421736 240915:241115  INFO  NMGR:kmgr_load_nn_internal_v2                Loaded NN "module.neff" ID: 0
2026-Jul-02 23:05:21.421751 240915:241115  INFO  NMGR:release_tmp_neff_cache                  NEFF load cache - cleared by the last worker
2026-Jul-02 23:05:21.421753 240915:241115  INFO  NMGR:kmgr_load_nn_post_metrics               NN: module.neff, loaded successfully
2026-Jul-02 23:05:21.421831 240915:241115  INFO  NMGR:kmgr_load_nn_internal                   Loading NN: module.neff version: 2.0, LNC start: 0
2026-Jul-02 23:05:21.421833 240915:241115  INFO  NMGR:enter_cache                             NEFF load cache - first worker, creating cache
2026-Jul-02 23:05:21.422060 240915:241115  INFO  NMGR:kmgr_load_nn_internal                   module.neff mac_count: 0
2026-Jul-02 23:05:21.422204 240915:241170  INFO  TDRV:drs_create_data_refill_rings            Rank: 0, Vring: qPoolDynamic has 0/0 desc's, total tx/rx size: 0/0
2026-Jul-02 23:05:21.423593 240915:241171  INFO  TDRV:dml_log_dev_neff_mem                    
[ND 0:NC 5] Current Usage Total: 515.809MB
	Shared Scratchpad: 512.000MB
	Tensors: 0.000B
Per NEFF memory usage breakdown for [module.neff]:
	Total: 50.250KB
	* model code: 22.250KB
	* model constants: 0.000B
	* scratchpad: 0.000B
	* runtime: 26.000KB
	* dma rings io: 0.000B
	* dma rings spill: 0.000B
	* dma rings collectives: 0.000B
	* dma rings runtime: 2.000KB
	* collectives: 0.000B

2026-Jul-02 23:05:21.423663 240915:241170  INFO  TDRV:dml_log_dev_neff_mem                    
[ND 0:NC 4] Current Usage Total: 2.041GB
	Shared Scratchpad: 512.000MB
	Tensors: 1.537GB
Per NEFF memory usage breakdown for [module.neff]:
	Total: 50.695KB
	* model code: 22.688KB
	* model constants: 0.000B
	* scratchpad: 0.000B
	* runtime: 26.008KB
	* dma rings io: 0.000B
	* dma rings spill: 0.000B
	* dma rings collectives: 0.000B
	* dma rings runtime: 2.000KB
	* collectives: 0.000B

2026-Jul-02 23:05:21.423720 240915:241115  INFO  NMGR:kmgr_load_nn_internal_v2                Loaded NN "module.neff" ID: 0
2026-Jul-02 23:05:21.423731 240915:241115  INFO  NMGR:release_tmp_neff_cache                  NEFF load cache - cleared by the last worker
2026-Jul-02 23:05:21.423739 240915:241115  INFO  NMGR:kmgr_load_nn_post_metrics               NN: module.neff, loaded successfully
2026-Jul-02 23:05:21.434815 240915:241115  INFO  NMGR:kmgr_load_nn_internal                   Loading NN: module.neff version: 2.0, LNC start: 0
2026-Jul-02 23:05:21.434826 240915:241115  INFO  NMGR:enter_cache                             NEFF load cache - first worker, creating cache
2026-Jul-02 23:05:21.436048 240915:241115  INFO  NMGR:kmgr_load_nn_internal                   module.neff mac_count: 0
2026-Jul-02 23:05:21.436193 240915:241199  INFO  TDRV:drs_create_data_refill_rings            Rank: 0, Vring: qPoolDynamic has 0/0 desc's, total tx/rx size: 0/0
2026-Jul-02 23:05:21.436230 240915:241200  INFO  TDRV:drs_create_data_refill_rings            Rank: 0, Vring: qPoolDynamic has 0/0 desc's, total tx/rx size: 0/0
2026-Jul-02 23:05:21.438104 240915:241199  INFO  TDRV:dml_log_dev_neff_mem                    
[ND 0:NC 4] Current Usage Total: 2.041GB
	Shared Scratchpad: 512.000MB
	Tensors: 1.537GB
Per NEFF memory usage breakdown for [module.neff]:
	Total: 153.195KB
	* model code: 41.188KB
	* model constants: 0.000B
	* scratchpad: 0.000B
	* runtime: 108.008KB
	* dma rings io: 0.000B
	* dma rings spill: 0.000B
	* dma rings collectives: 0.000B
	* dma rings runtime: 4.000KB
	* collectives: 0.000B

2026-Jul-02 23:05:21.440076 240915:241200  INFO  TDRV:dml_log_dev_neff_mem                    
[ND 0:NC 5] Current Usage Total: 515.958MB
	Shared Scratchpad: 512.000MB
	Tensors: 0.000B
Per NEFF memory usage breakdown for [module.neff]:
	Total: 153.195KB
	* model code: 41.188KB
	* model constants: 0.000B
	* scratchpad: 0.000B
	* runtime: 108.008KB
	* dma rings io: 0.000B
	* dma rings spill: 0.000B
	* dma rings collectives: 0.000B
	* dma rings runtime: 4.000KB
	* collectives: 0.000B

2026-Jul-02 23:05:21.440298 240915:241115  INFO  NMGR:kmgr_load_nn_internal_v2                Loaded NN "module.neff" ID: 0
2026-Jul-02 23:05:21.440329 240915:241115  INFO  NMGR:release_tmp_neff_cache                  NEFF load cache - cleared by the last worker
2026-Jul-02 23:05:21.440331 240915:241115  INFO  NMGR:kmgr_load_nn_post_metrics               NN: module.neff, loaded successfully
2026-Jul-02 23:05:21.440494 240915:241115  INFO  NMGR:kmgr_load_nn_internal                   Loading NN: module.neff version: 2.0, LNC start: 0
2026-Jul-02 23:05:21.440497 240915:241115  INFO  NMGR:enter_cache                             NEFF load cache - first worker, creating cache
2026-Jul-02 23:05:21.440760 240915:241115  INFO  NMGR:kmgr_load_nn_internal                   module.neff mac_count: 0
2026-Jul-02 23:05:21.440846 240915:241201  INFO  TDRV:drs_create_data_refill_rings            Rank: 0, Vring: qPoolDynamic has 0/0 desc's, total tx/rx size: 0/0
2026-Jul-02 23:05:21.442164 240915:241202  INFO  TDRV:dml_log_dev_neff_mem                    
[ND 0:NC 5] Current Usage Total: 516.007MB
	Shared Scratchpad: 512.000MB
	Tensors: 0.000B
Per NEFF memory usage breakdown for [module.neff]:
	Total: 50.250KB
	* model code: 22.250KB
	* model constants: 0.000B
	* scratchpad: 0.000B
	* runtime: 26.000KB
	* dma rings io: 0.000B
	* dma rings spill: 0.000B
	* dma rings collectives: 0.000B
	* dma rings runtime: 2.000KB
	* collectives: 0.000B

2026-Jul-02 23:05:21.442510 240915:241201  INFO  TDRV:dml_log_dev_neff_mem                    
[ND 0:NC 4] Current Usage Total: 2.041GB
	Shared Scratchpad: 512.000MB
	Tensors: 1.537GB
Per NEFF memory usage breakdown for [module.neff]:
	Total: 50.695KB
	* model code: 22.688KB
	* model constants: 0.000B
	* scratchpad: 0.000B
	* runtime: 26.008KB
	* dma rings io: 0.000B
	* dma rings spill: 0.000B
	* dma rings collectives: 0.000B
	* dma rings runtime: 2.000KB
	* collectives: 0.000B

2026-Jul-02 23:05:21.442675 240915:241115  INFO  NMGR:kmgr_load_nn_internal_v2                Loaded NN "module.neff" ID: 0
2026-Jul-02 23:05:21.442695 240915:241115  INFO  NMGR:release_tmp_neff_cache                  NEFF load cache - cleared by the last worker
2026-Jul-02 23:05:21.442698 240915:241115  INFO  NMGR:kmgr_load_nn_post_metrics               NN: module.neff, loaded successfully
2026-Jul-02 23:05:21.445190 240915:241115  INFO  NMGR:kmgr_load_nn_internal                   Loading NN: module.neff version: 2.0, LNC start: 0
2026-Jul-02 23:05:21.445201 240915:241115  INFO  NMGR:enter_cache                             NEFF load cache - first worker, creating cache
2026-Jul-02 23:05:21.445473 240915:241115  INFO  NMGR:kmgr_load_nn_internal                   module.neff mac_count: 0
2026-Jul-02 23:05:21.445669 240915:241209  INFO  TDRV:drs_create_data_refill_rings            Rank: 0, Vring: qPoolDynamic has 0/0 desc's, total tx/rx size: 0/0
2026-Jul-02 23:05:21.446970 240915:241210  INFO  TDRV:dml_log_dev_neff_mem                    
[ND 0:NC 5] Current Usage Total: 516.056MB
	Shared Scratchpad: 512.000MB
	Tensors: 0.000B
Per NEFF memory usage breakdown for [module.neff]:
	Total: 50.250KB
	* model code: 22.250KB
	* model constants: 0.000B
	* scratchpad: 0.000B
	* runtime: 26.000KB
	* dma rings io: 0.000B
	* dma rings spill: 0.000B
	* dma rings collectives: 0.000B
	* dma rings runtime: 2.000KB
	* collectives: 0.000B

2026-Jul-02 23:05:21.446973 240915:241209  INFO  TDRV:dml_log_dev_neff_mem                    
[ND 0:NC 4] Current Usage Total: 2.041GB
	Shared Scratchpad: 512.000MB
	Tensors: 1.537GB
Per NEFF memory usage breakdown for [module.neff]:
	Total: 50.695KB
	* model code: 22.688KB
	* model constants: 0.000B
	* scratchpad: 0.000B
	* runtime: 26.008KB
	* dma rings io: 0.000B
	* dma rings spill: 0.000B
	* dma rings collectives: 0.000B
	* dma rings runtime: 2.000KB
	* collectives: 0.000B

2026-Jul-02 23:05:21.447049 240915:241115  INFO  NMGR:kmgr_load_nn_internal_v2                Loaded NN "module.neff" ID: 0
2026-Jul-02 23:05:21.447060 240915:241115  INFO  NMGR:release_tmp_neff_cache                  NEFF load cache - cleared by the last worker
2026-Jul-02 23:05:21.447062 240915:241115  INFO  NMGR:kmgr_load_nn_post_metrics               NN: module.neff, loaded successfully
2026-Jul-02 23:05:21.447201 240915:241115  INFO  NMGR:kmgr_load_nn_internal                   Loading NN: module.neff version: 2.0, LNC start: 0
2026-Jul-02 23:05:21.447205 240915:241115  INFO  NMGR:enter_cache                             NEFF load cache - first worker, creating cache
2026-Jul-02 23:05:21.448761 240915:241115  INFO  NMGR:kmgr_load_nn_internal                   module.neff mac_count: 1073741824
2026-Jul-02 23:05:21.448900 240915:241211  INFO  TDRV:drs_create_data_refill_rings            Rank: 0, Vring: qPoolDynamic has 0/0 desc's, total tx/rx size: 0/0
2026-Jul-02 23:05:21.448916 240915:241211  INFO  TDRV:drs_create_data_refill_rings            Rank: 0, Vring: qSPDynamicHW has 0/0 desc's, total tx/rx size: 0/0
2026-Jul-02 23:05:21.448936 240915:241212  INFO  TDRV:drs_create_data_refill_rings            Rank: 0, Vring: qPoolDynamic has 0/0 desc's, total tx/rx size: 0/0
2026-Jul-02 23:05:21.448950 240915:241212  INFO  TDRV:drs_create_data_refill_rings            Rank: 0, Vring: qSPDynamicHW has 0/0 desc's, total tx/rx size: 0/0
2026-Jul-02 23:05:21.450798 240915:241211  INFO  TDRV:dml_log_dev_neff_mem                    
[ND 0:NC 4] Current Usage Total: 2.041GB
	Shared Scratchpad: 512.000MB
	Tensors: 1.537GB
Per NEFF memory usage breakdown for [module.neff]:
	Total: 247.383KB
	* model code: 103.375KB
	* model constants: 32.000KB
	* scratchpad: 0.000B
	* runtime: 108.008KB
	* dma rings io: 0.000B
	* dma rings spill: 0.000B
	* dma rings collectives: 0.000B
	* dma rings runtime: 4.000KB
	* collectives: 0.000B

2026-Jul-02 23:05:21.451106 240915:241212  INFO  TDRV:dml_log_dev_neff_mem                    
[ND 0:NC 5] Current Usage Total: 516.298MB
	Shared Scratchpad: 512.000MB
	Tensors: 0.000B
Per NEFF memory usage breakdown for [module.neff]:
	Total: 247.383KB
	* model code: 103.375KB
	* model constants: 32.000KB
	* scratchpad: 0.000B
	* runtime: 108.008KB
	* dma rings io: 0.000B
	* dma rings spill: 0.000B
	* dma rings collectives: 0.000B
	* dma rings runtime: 4.000KB
	* collectives: 0.000B

2026-Jul-02 23:05:21.451177 240915:241115  INFO  NMGR:kmgr_load_nn_internal_v2                Loaded NN "module.neff" ID: 0
2026-Jul-02 23:05:21.451204 240915:241115  INFO  NMGR:release_tmp_neff_cache                  NEFF load cache - cleared by the last worker
2026-Jul-02 23:05:21.451206 240915:241115  INFO  NMGR:kmgr_load_nn_post_metrics               NN: module.neff, loaded successfully
2026-Jul-02 23:05:21.451363 240915:241115  INFO  NMGR:kmgr_load_nn_internal                   Loading NN: module.neff version: 2.0, LNC start: 0
2026-Jul-02 23:05:21.451366 240915:241115  INFO  NMGR:enter_cache                             NEFF load cache - first worker, creating cache
2026-Jul-02 23:05:21.451619 240915:241115  INFO  NMGR:kmgr_load_nn_internal                   module.neff mac_count: 0
2026-Jul-02 23:05:21.451800 240915:241213  INFO  TDRV:drs_create_data_refill_rings            Rank: 0, Vring: qPoolDynamic has 0/0 desc's, total tx/rx size: 0/0
2026-Jul-02 23:05:21.453162 240915:241214  INFO  TDRV:dml_log_dev_neff_mem                    
[ND 0:NC 5] Current Usage Total: 516.347MB
	Shared Scratchpad: 512.000MB
	Tensors: 0.000B
Per NEFF memory usage breakdown for [module.neff]:
	Total: 50.250KB
	* model code: 22.250KB
	* model constants: 0.000B
	* scratchpad: 0.000B
	* runtime: 26.000KB
	* dma rings io: 0.000B
	* dma rings spill: 0.000B
	* dma rings collectives: 0.000B
	* dma rings runtime: 2.000KB
	* collectives: 0.000B

2026-Jul-02 23:05:21.453430 240915:241213  INFO  TDRV:dml_log_dev_neff_mem                    
[ND 0:NC 4] Current Usage Total: 2.041GB
	Shared Scratchpad: 512.000MB
	Tensors: 1.537GB
Per NEFF memory usage breakdown for [module.neff]:
	Total: 50.695KB
	* model code: 22.688KB
	* model constants: 0.000B
	* scratchpad: 0.000B
	* runtime: 26.008KB
	* dma rings io: 0.000B
	* dma rings spill: 0.000B
	* dma rings collectives: 0.000B
	* dma rings runtime: 2.000KB
	* collectives: 0.000B

2026-Jul-02 23:05:21.453590 240915:241115  INFO  NMGR:kmgr_load_nn_internal_v2                Loaded NN "module.neff" ID: 0
2026-Jul-02 23:05:21.453611 240915:241115  INFO  NMGR:release_tmp_neff_cache                  NEFF load cache - cleared by the last worker
2026-Jul-02 23:05:21.453613 240915:241115  INFO  NMGR:kmgr_load_nn_post_metrics               NN: module.neff, loaded successfully
2026-Jul-02 23:05:21.455062 240915:241115  INFO  NMGR:kmgr_load_nn_internal                   Loading NN: module.neff version: 2.0, LNC start: 0
2026-Jul-02 23:05:21.455073 240915:241115  INFO  NMGR:enter_cache                             NEFF load cache - first worker, creating cache
2026-Jul-02 23:05:21.456747 240915:241115  INFO  NMGR:kmgr_load_nn_internal                   module.neff mac_count: 1342177280
2026-Jul-02 23:05:21.456905 240915:241218  INFO  TDRV:drs_create_data_refill_rings            Rank: 0, Vring: qPoolDynamic has 0/0 desc's, total tx/rx size: 0/0
2026-Jul-02 23:05:21.456924 240915:241218  INFO  TDRV:drs_create_data_refill_rings            Rank: 0, Vring: qSPDynamicHW has 0/0 desc's, total tx/rx size: 0/0
2026-Jul-02 23:05:21.456945 240915:241219  INFO  TDRV:drs_create_data_refill_rings            Rank: 0, Vring: qPoolDynamic has 0/0 desc's, total tx/rx size: 0/0
2026-Jul-02 23:05:21.456962 240915:241219  INFO  TDRV:drs_create_data_refill_rings            Rank: 0, Vring: qSPDynamicHW has 0/0 desc's, total tx/rx size: 0/0
2026-Jul-02 23:05:21.459243 240915:241219  INFO  TDRV:dml_log_dev_neff_mem                    
[ND 0:NC 5] Current Usage Total: 516.599MB
	Shared Scratchpad: 512.000MB
	Tensors: 0.000B
Per NEFF memory usage breakdown for [module.neff]:
	Total: 257.633KB
	* model code: 113.625KB
	* model constants: 32.000KB
	* scratchpad: 0.000B
	* runtime: 108.008KB
	* dma rings io: 0.000B
	* dma rings spill: 0.000B
	* dma rings collectives: 0.000B
	* dma rings runtime: 4.000KB
	* collectives: 0.000B

2026-Jul-02 23:05:21.459531 240915:241218  INFO  TDRV:dml_log_dev_neff_mem                    
[ND 0:NC 4] Current Usage Total: 2.042GB
	Shared Scratchpad: 512.000MB
	Tensors: 1.537GB
Per NEFF memory usage breakdown for [module.neff]:
	Total: 257.633KB
	* model code: 113.625KB
	* model constants: 32.000KB
	* scratchpad: 0.000B
	* runtime: 108.008KB
	* dma rings io: 0.000B
	* dma rings spill: 0.000B
	* dma rings collectives: 0.000B
	* dma rings runtime: 4.000KB
	* collectives: 0.000B

2026-Jul-02 23:05:21.459697 240915:241115  INFO  NMGR:kmgr_load_nn_internal_v2                Loaded NN "module.neff" ID: 0
2026-Jul-02 23:05:21.459728 240915:241115  INFO  NMGR:release_tmp_neff_cache                  NEFF load cache - cleared by the last worker
2026-Jul-02 23:05:21.459730 240915:241115  INFO  NMGR:kmgr_load_nn_post_metrics               NN: module.neff, loaded successfully
2026-Jul-02 23:05:21.459969 240915:241115  INFO  NMGR:kmgr_load_nn_internal                   Loading NN: module.neff version: 2.0, LNC start: 0
2026-Jul-02 23:05:21.459973 240915:241115  INFO  NMGR:enter_cache                             NEFF load cache - first worker, creating cache
2026-Jul-02 23:05:21.461095 240915:241115  INFO  NMGR:kmgr_load_nn_internal                   module.neff mac_count: 0
2026-Jul-02 23:05:21.461193 240915:241220  INFO  TDRV:drs_create_data_refill_rings            Rank: 0, Vring: qPoolDynamic has 0/0 desc's, total tx/rx size: 0/0
2026-Jul-02 23:05:21.461455 240915:241221  INFO  TDRV:drs_create_data_refill_rings            Rank: 0, Vring: qPoolDynamic has 0/0 desc's, total tx/rx size: 0/0
2026-Jul-02 23:05:21.463040 240915:241220  INFO  TDRV:dml_log_dev_neff_mem                    
[ND 0:NC 4] Current Usage Total: 2.081GB
	Shared Scratchpad: 512.000MB
	Tensors: 1.576GB
Per NEFF memory usage breakdown for [module.neff]:
	Total: 158.695KB
	* model code: 46.688KB
	* model constants: 0.000B
	* scratchpad: 0.000B
	* runtime: 108.008KB
	* dma rings io: 0.000B
	* dma rings spill: 0.000B
	* dma rings collectives: 0.000B
	* dma rings runtime: 4.000KB
	* collectives: 0.000B

2026-Jul-02 23:05:21.463339 240915:241221  INFO  TDRV:dml_log_dev_neff_mem                    
[ND 0:NC 5] Current Usage Total: 516.754MB
	Shared Scratchpad: 512.000MB
	Tensors: 0.000B
Per NEFF memory usage breakdown for [module.neff]:
	Total: 158.695KB
	* model code: 46.688KB
	* model constants: 0.000B
	* scratchpad: 0.000B
	* runtime: 108.008KB
	* dma rings io: 0.000B
	* dma rings spill: 0.000B
	* dma rings collectives: 0.000B
	* dma rings runtime: 4.000KB
	* collectives: 0.000B

2026-Jul-02 23:05:21.463504 240915:241115  INFO  NMGR:kmgr_load_nn_internal_v2                Loaded NN "module.neff" ID: 0
2026-Jul-02 23:05:21.463531 240915:241115  INFO  NMGR:release_tmp_neff_cache                  NEFF load cache - cleared by the last worker
2026-Jul-02 23:05:21.463534 240915:241115  INFO  NMGR:kmgr_load_nn_post_metrics               NN: module.neff, loaded successfully
2026-Jul-02 23:05:21.479212 240915:241115  INFO  NMGR:kmgr_load_nn_internal                   Loading NN: module.neff version: 2.0, LNC start: 0
2026-Jul-02 23:05:21.479224 240915:241115  INFO  NMGR:enter_cache                             NEFF load cache - first worker, creating cache
2026-Jul-02 23:05:21.480313 240915:241115  INFO  NMGR:kmgr_load_nn_internal                   module.neff mac_count: 0
2026-Jul-02 23:05:21.480438 240915:241252  INFO  TDRV:drs_create_data_refill_rings            Rank: 0, Vring: qPoolDynamic has 0/0 desc's, total tx/rx size: 0/0
2026-Jul-02 23:05:21.480468 240915:241253  INFO  TDRV:drs_create_data_refill_rings            Rank: 0, Vring: qPoolDynamic has 0/0 desc's, total tx/rx size: 0/0
2026-Jul-02 23:05:21.482347 240915:241252  INFO  TDRV:dml_log_dev_neff_mem                    
[ND 0:NC 4] Current Usage Total: 2.081GB
	Shared Scratchpad: 512.000MB
	Tensors: 1.576GB
Per NEFF memory usage breakdown for [module.neff]:
	Total: 152.258KB
	* model code: 40.250KB
	* model constants: 0.000B
	* scratchpad: 0.000B
	* runtime: 108.008KB
	* dma rings io: 0.000B
	* dma rings spill: 0.000B
	* dma rings collectives: 0.000B
	* dma rings runtime: 4.000KB
	* collectives: 0.000B

2026-Jul-02 23:05:21.482478 240915:241253  INFO  TDRV:dml_log_dev_neff_mem                    
[ND 0:NC 5] Current Usage Total: 516.902MB
	Shared Scratchpad: 512.000MB
	Tensors: 0.000B
Per NEFF memory usage breakdown for [module.neff]:
	Total: 152.258KB
	* model code: 40.250KB
	* model constants: 0.000B
	* scratchpad: 0.000B
	* runtime: 108.008KB
	* dma rings io: 0.000B
	* dma rings spill: 0.000B
	* dma rings collectives: 0.000B
	* dma rings runtime: 4.000KB
	* collectives: 0.000B

2026-Jul-02 23:05:21.482541 240915:241115  INFO  NMGR:kmgr_load_nn_internal_v2                Loaded NN "module.neff" ID: 0
2026-Jul-02 23:05:21.482559 240915:241115  INFO  NMGR:release_tmp_neff_cache                  NEFF load cache - cleared by the last worker
2026-Jul-02 23:05:21.482560 240915:241115  INFO  NMGR:kmgr_load_nn_post_metrics               NN: module.neff, loaded successfully
2026-Jul-02 23:05:21.486802 240915:241115  INFO  NMGR:kmgr_load_nn_internal                   Loading NN: module.neff version: 2.0, LNC start: 0
2026-Jul-02 23:05:21.486814 240915:241115  INFO  NMGR:enter_cache                             NEFF load cache - first worker, creating cache
2026-Jul-02 23:05:21.487198 240915:241115  INFO  NMGR:kmgr_load_nn_internal                   module.neff mac_count: 0
2026-Jul-02 23:05:21.487414 240915:241264  INFO  TDRV:drs_create_data_refill_rings            Rank: 0, Vring: qPoolDynamic has 0/0 desc's, total tx/rx size: 0/0
2026-Jul-02 23:05:21.487418 240915:241263  INFO  TDRV:drs_create_data_refill_rings            Rank: 0, Vring: qPoolDynamic has 0/0 desc's, total tx/rx size: 0/0
2026-Jul-02 23:05:21.488914 240915:241264  INFO  TDRV:dml_log_dev_neff_mem                    
[ND 0:NC 5] Current Usage Total: 516.952MB
	Shared Scratchpad: 512.000MB
	Tensors: 0.000B
Per NEFF memory usage breakdown for [module.neff]:
	Total: 50.820KB
	* model code: 22.812KB
	* model constants: 0.000B
	* scratchpad: 0.000B
	* runtime: 26.008KB
	* dma rings io: 0.000B
	* dma rings spill: 0.000B
	* dma rings collectives: 0.000B
	* dma rings runtime: 2.000KB
	* collectives: 0.000B

2026-Jul-02 23:05:21.489570 240915:241263  INFO  TDRV:dml_log_dev_neff_mem                    
[ND 0:NC 4] Current Usage Total: 2.081GB
	Shared Scratchpad: 512.000MB
	Tensors: 1.576GB
Per NEFF memory usage breakdown for [module.neff]:
	Total: 50.820KB
	* model code: 22.812KB
	* model constants: 0.000B
	* scratchpad: 0.000B
	* runtime: 26.008KB
	* dma rings io: 0.000B
	* dma rings spill: 0.000B
	* dma rings collectives: 0.000B
	* dma rings runtime: 2.000KB
	* collectives: 0.000B

2026-Jul-02 23:05:21.489626 240915:241115  INFO  NMGR:kmgr_load_nn_internal_v2                Loaded NN "module.neff" ID: 0
2026-Jul-02 23:05:21.489639 240915:241115  INFO  NMGR:release_tmp_neff_cache                  NEFF load cache - cleared by the last worker
2026-Jul-02 23:05:21.489641 240915:241115  INFO  NMGR:kmgr_load_nn_post_metrics               NN: module.neff, loaded successfully
2026-Jul-02 23:05:21.491117 240915:241115  INFO  NMGR:kmgr_load_nn_internal                   Loading NN: module.neff version: 2.0, LNC start: 0
2026-Jul-02 23:05:21.491128 240915:241115  INFO  NMGR:enter_cache                             NEFF load cache - first worker, creating cache
2026-Jul-02 23:05:21.492090 240915:241115  INFO  NMGR:kmgr_load_nn_internal                   module.neff mac_count: 0
2026-Jul-02 23:05:21.492221 240915:241268  INFO  TDRV:drs_create_data_refill_rings            Rank: 0, Vring: qPoolDynamic has 0/0 desc's, total tx/rx size: 0/0
2026-Jul-02 23:05:21.492404 240915:241269  INFO  TDRV:drs_create_data_refill_rings            Rank: 0, Vring: qPoolDynamic has 0/0 desc's, total tx/rx size: 0/0
2026-Jul-02 23:05:21.494055 240915:241268  INFO  TDRV:dml_log_dev_neff_mem                    
[ND 0:NC 4] Current Usage Total: 2.081GB
	Shared Scratchpad: 512.000MB
	Tensors: 1.576GB
Per NEFF memory usage breakdown for [module.neff]:
	Total: 144.508KB
	* model code: 32.500KB
	* model constants: 0.000B
	* scratchpad: 0.000B
	* runtime: 108.008KB
	* dma rings io: 0.000B
	* dma rings spill: 0.000B
	* dma rings collectives: 0.000B
	* dma rings runtime: 4.000KB
	* collectives: 0.000B

2026-Jul-02 23:05:21.494288 240915:241269  INFO  TDRV:dml_log_dev_neff_mem                    
[ND 0:NC 5] Current Usage Total: 517.093MB
	Shared Scratchpad: 512.000MB
	Tensors: 0.000B
Per NEFF memory usage breakdown for [module.neff]:
	Total: 144.508KB
	* model code: 32.500KB
	* model constants: 0.000B
	* scratchpad: 0.000B
	* runtime: 108.008KB
	* dma rings io: 0.000B
	* dma rings spill: 0.000B
	* dma rings collectives: 0.000B
	* dma rings runtime: 4.000KB
	* collectives: 0.000B

2026-Jul-02 23:05:21.494355 240915:241115  INFO  NMGR:kmgr_load_nn_internal_v2                Loaded NN "module.neff" ID: 0
2026-Jul-02 23:05:21.494372 240915:241115  INFO  NMGR:release_tmp_neff_cache                  NEFF load cache - cleared by the last worker
2026-Jul-02 23:05:21.494374 240915:241115  INFO  NMGR:kmgr_load_nn_post_metrics               NN: module.neff, loaded successfully
2026-Jul-02 23:05:21.494472 240915:241115  INFO  NMGR:kmgr_load_nn_internal                   Loading NN: module.neff version: 2.0, LNC start: 0
2026-Jul-02 23:05:21.494474 240915:241115  INFO  NMGR:enter_cache                             NEFF load cache - first worker, creating cache
2026-Jul-02 23:05:21.494715 240915:241115  INFO  NMGR:kmgr_load_nn_internal                   module.neff mac_count: 0
2026-Jul-02 23:05:21.494899 240915:241270  INFO  TDRV:drs_create_data_refill_rings            Rank: 0, Vring: qPoolDynamic has 0/0 desc's, total tx/rx size: 0/0
2026-Jul-02 23:05:21.494933 240915:241271  INFO  TDRV:drs_create_data_refill_rings            Rank: 0, Vring: qPoolDynamic has 0/0 desc's, total tx/rx size: 0/0
2026-Jul-02 23:05:21.496298 240915:241270  INFO  TDRV:dml_log_dev_neff_mem                    
[ND 0:NC 4] Current Usage Total: 2.081GB
	Shared Scratchpad: 512.000MB
	Tensors: 1.576GB
Per NEFF memory usage breakdown for [module.neff]:
	Total: 50.695KB
	* model code: 22.688KB
	* model constants: 0.000B
	* scratchpad: 0.000B
	* runtime: 26.008KB
	* dma rings io: 0.000B
	* dma rings spill: 0.000B
	* dma rings collectives: 0.000B
	* dma rings runtime: 2.000KB
	* collectives: 0.000B

2026-Jul-02 23:05:21.496588 240915:241271  INFO  TDRV:dml_log_dev_neff_mem                    
[ND 0:NC 5] Current Usage Total: 517.143MB
	Shared Scratchpad: 512.000MB
	Tensors: 0.000B
Per NEFF memory usage breakdown for [module.neff]:
	Total: 50.695KB
	* model code: 22.688KB
	* model constants: 0.000B
	* scratchpad: 0.000B
	* runtime: 26.008KB
	* dma rings io: 0.000B
	* dma rings spill: 0.000B
	* dma rings collectives: 0.000B
	* dma rings runtime: 2.000KB
	* collectives: 0.000B

2026-Jul-02 23:05:21.496638 240915:241115  INFO  NMGR:kmgr_load_nn_internal_v2                Loaded NN "module.neff" ID: 0
2026-Jul-02 23:05:21.496649 240915:241115  INFO  NMGR:release_tmp_neff_cache                  NEFF load cache - cleared by the last worker
2026-Jul-02 23:05:21.496651 240915:241115  INFO  NMGR:kmgr_load_nn_post_metrics               NN: module.neff, loaded successfully
2026-Jul-02 23:05:21.500920 240915:241115  INFO  NMGR:kmgr_load_nn_internal                   Loading NN: module.neff version: 2.0, LNC start: 0
2026-Jul-02 23:05:21.500931 240915:241115  INFO  NMGR:enter_cache                             NEFF load cache - first worker, creating cache
2026-Jul-02 23:05:21.502072 240915:241115  INFO  NMGR:kmgr_load_nn_internal                   module.neff mac_count: 0
2026-Jul-02 23:05:21.502308 240915:241281  INFO  TDRV:drs_create_data_refill_rings            Rank: 0, Vring: qPoolDynamic has 0/0 desc's, total tx/rx size: 0/0
2026-Jul-02 23:05:21.502462 240915:241282  INFO  TDRV:drs_create_data_refill_rings            Rank: 0, Vring: qPoolDynamic has 0/0 desc's, total tx/rx size: 0/0
2026-Jul-02 23:05:21.504336 240915:241281  INFO  TDRV:dml_log_dev_neff_mem                    
[ND 0:NC 4] Current Usage Total: 2.081GB
	Shared Scratchpad: 512.000MB
	Tensors: 1.576GB
Per NEFF memory usage breakdown for [module.neff]:
	Total: 149.883KB
	* model code: 37.875KB
	* model constants: 0.000B
	* scratchpad: 0.000B
	* runtime: 108.008KB
	* dma rings io: 0.000B
	* dma rings spill: 0.000B
	* dma rings collectives: 0.000B
	* dma rings runtime: 4.000KB
	* collectives: 0.000B

2026-Jul-02 23:05:21.504438 240915:241282  INFO  TDRV:dml_log_dev_neff_mem                    
[ND 0:NC 5] Current Usage Total: 517.289MB
	Shared Scratchpad: 512.000MB
	Tensors: 0.000B
Per NEFF memory usage breakdown for [module.neff]:
	Total: 149.883KB
	* model code: 37.875KB
	* model constants: 0.000B
	* scratchpad: 0.000B
	* runtime: 108.008KB
	* dma rings io: 0.000B
	* dma rings spill: 0.000B
	* dma rings collectives: 0.000B
	* dma rings runtime: 4.000KB
	* collectives: 0.000B

2026-Jul-02 23:05:21.504505 240915:241115  INFO  NMGR:kmgr_load_nn_internal_v2                Loaded NN "module.neff" ID: 0
2026-Jul-02 23:05:21.504524 240915:241115  INFO  NMGR:release_tmp_neff_cache                  NEFF load cache - cleared by the last worker
2026-Jul-02 23:05:21.504526 240915:241115  INFO  NMGR:kmgr_load_nn_post_metrics               NN: module.neff, loaded successfully
2026-Jul-02 23:05:21.504672 240915:241115  INFO  NMGR:kmgr_load_nn_internal                   Loading NN: module.neff version: 2.0, LNC start: 0
2026-Jul-02 23:05:21.504674 240915:241115  INFO  NMGR:enter_cache                             NEFF load cache - first worker, creating cache
2026-Jul-02 23:05:21.505529 240915:241115  INFO  NMGR:kmgr_load_nn_internal                   module.neff mac_count: 0
2026-Jul-02 23:05:21.505744 240915:241283  INFO  TDRV:drs_create_data_refill_rings            Rank: 0, Vring: qPoolDynamic has 0/0 desc's, total tx/rx size: 0/0
2026-Jul-02 23:05:21.505802 240915:241284  INFO  TDRV:drs_create_data_refill_rings            Rank: 0, Vring: qPoolDynamic has 0/0 desc's, total tx/rx size: 0/0
2026-Jul-02 23:05:21.507580 240915:241283  INFO  TDRV:dml_log_dev_neff_mem                    
[ND 0:NC 4] Current Usage Total: 2.082GB
	Shared Scratchpad: 512.000MB
	Tensors: 1.576GB
Per NEFF memory usage breakdown for [module.neff]:
	Total: 152.070KB
	* model code: 24.062KB
	* model constants: 16.000KB
	* scratchpad: 0.000B
	* runtime: 108.008KB
	* dma rings io: 0.000B
	* dma rings spill: 0.000B
	* dma rings collectives: 0.000B
	* dma rings runtime: 4.000KB
	* collectives: 0.000B

2026-Jul-02 23:05:21.507781 240915:241284  INFO  TDRV:dml_log_dev_neff_mem                    
[ND 0:NC 5] Current Usage Total: 517.437MB
	Shared Scratchpad: 512.000MB
	Tensors: 0.000B
Per NEFF memory usage breakdown for [module.neff]:
	Total: 152.070KB
	* model code: 24.062KB
	* model constants: 16.000KB
	* scratchpad: 0.000B
	* runtime: 108.008KB
	* dma rings io: 0.000B
	* dma rings spill: 0.000B
	* dma rings collectives: 0.000B
	* dma rings runtime: 4.000KB
	* collectives: 0.000B

2026-Jul-02 23:05:21.507853 240915:241115  INFO  NMGR:kmgr_load_nn_internal_v2                Loaded NN "module.neff" ID: 0
2026-Jul-02 23:05:21.507872 240915:241115  INFO  NMGR:release_tmp_neff_cache                  NEFF load cache - cleared by the last worker
2026-Jul-02 23:05:21.507874 240915:241115  INFO  NMGR:kmgr_load_nn_post_metrics               NN: module.neff, loaded successfully
2026-Jul-02 23:05:21.508053 240915:241115  INFO  NMGR:kmgr_load_nn_internal                   Loading NN: module.neff version: 2.0, LNC start: 0
2026-Jul-02 23:05:21.508056 240915:241115  INFO  NMGR:enter_cache                             NEFF load cache - first worker, creating cache
2026-Jul-02 23:05:21.508963 240915:241115  INFO  NMGR:kmgr_load_nn_internal                   module.neff mac_count: 0
2026-Jul-02 23:05:21.509080 240915:241286  INFO  TDRV:drs_create_data_refill_rings            Rank: 0, Vring: qPoolDynamic has 0/0 desc's, total tx/rx size: 0/0
2026-Jul-02 23:05:21.509187 240915:241285  INFO  TDRV:drs_create_data_refill_rings            Rank: 0, Vring: qPoolDynamic has 0/0 desc's, total tx/rx size: 0/0
2026-Jul-02 23:05:21.510999 240915:241286  INFO  TDRV:dml_log_dev_neff_mem                    
[ND 0:NC 5] Current Usage Total: 517.579MB
	Shared Scratchpad: 512.000MB
	Tensors: 0.000B
Per NEFF memory usage breakdown for [module.neff]:
	Total: 144.508KB
	* model code: 32.500KB
	* model constants: 0.000B
	* scratchpad: 0.000B
	* runtime: 108.008KB
	* dma rings io: 0.000B
	* dma rings spill: 0.000B
	* dma rings collectives: 0.000B
	* dma rings runtime: 4.000KB
	* collectives: 0.000B

2026-Jul-02 23:05:21.511038 240915:241285  INFO  TDRV:dml_log_dev_neff_mem                    
[ND 0:NC 4] Current Usage Total: 2.082GB
	Shared Scratchpad: 512.000MB
	Tensors: 1.576GB
Per NEFF memory usage breakdown for [module.neff]:
	Total: 144.508KB
	* model code: 32.500KB
	* model constants: 0.000B
	* scratchpad: 0.000B
	* runtime: 108.008KB
	* dma rings io: 0.000B
	* dma rings spill: 0.000B
	* dma rings collectives: 0.000B
	* dma rings runtime: 4.000KB
	* collectives: 0.000B

2026-Jul-02 23:05:21.511092 240915:241115  INFO  NMGR:kmgr_load_nn_internal_v2                Loaded NN "module.neff" ID: 0
2026-Jul-02 23:05:21.511107 240915:241115  INFO  NMGR:release_tmp_neff_cache                  NEFF load cache - cleared by the last worker
2026-Jul-02 23:05:21.511109 240915:241115  INFO  NMGR:kmgr_load_nn_post_metrics               NN: module.neff, loaded successfully
2026-Jul-02 23:05:21.511770 240915:241115  INFO  NMGR:kmgr_load_nn_internal                   Loading NN: module.neff version: 2.0, LNC start: 0
2026-Jul-02 23:05:21.511776 240915:241115  INFO  NMGR:enter_cache                             NEFF load cache - first worker, creating cache
2026-Jul-02 23:05:21.514282 240915:241115  INFO  NMGR:kmgr_load_nn_internal                   module.neff mac_count: 1073741824
2026-Jul-02 23:05:21.514547 240915:241287  INFO  TDRV:drs_create_data_refill_rings            Rank: 0, Vring: qActDynamicHW has 0/0 desc's, total tx/rx size: 0/0
2026-Jul-02 23:05:21.514562 240915:241287  INFO  TDRV:drs_create_data_refill_rings            Rank: 0, Vring: qPoolDynamic has 0/0 desc's, total tx/rx size: 0/0
2026-Jul-02 23:05:21.514569 240915:241287  INFO  TDRV:drs_create_data_refill_rings            Rank: 0, Vring: qSPDynamicHW has 0/0 desc's, total tx/rx size: 0/0
2026-Jul-02 23:05:21.514593 240915:241288  INFO  TDRV:drs_create_data_refill_rings            Rank: 0, Vring: qActDynamicHW has 0/0 desc's, total tx/rx size: 0/0
2026-Jul-02 23:05:21.514609 240915:241288  INFO  TDRV:drs_create_data_refill_rings            Rank: 0, Vring: qPoolDynamic has 0/0 desc's, total tx/rx size: 0/0
2026-Jul-02 23:05:21.514617 240915:241288  INFO  TDRV:drs_create_data_refill_rings            Rank: 0, Vring: qSPDynamicHW has 0/0 desc's, total tx/rx size: 0/0
2026-Jul-02 23:05:21.517139 240915:241288  INFO  TDRV:dml_log_dev_neff_mem                    
[ND 0:NC 5] Current Usage Total: 517.857MB
	Shared Scratchpad: 512.000MB
	Tensors: 0.000B
Per NEFF memory usage breakdown for [module.neff]:
	Total: 285.008KB
	* model code: 141.000KB
	* model constants: 32.000KB
	* scratchpad: 0.000B
	* runtime: 108.008KB
	* dma rings io: 0.000B
	* dma rings spill: 0.000B
	* dma rings collectives: 0.000B
	* dma rings runtime: 4.000KB
	* collectives: 0.000B

2026-Jul-02 23:05:21.517392 240915:241287  INFO  TDRV:dml_log_dev_neff_mem                    
[ND 0:NC 4] Current Usage Total: 2.082GB
	Shared Scratchpad: 512.000MB
	Tensors: 1.576GB
Per NEFF memory usage breakdown for [module.neff]:
	Total: 384.445KB
	* model code: 240.438KB
	* model constants: 32.000KB
	* scratchpad: 0.000B
	* runtime: 108.008KB
	* dma rings io: 0.000B
	* dma rings spill: 0.000B
	* dma rings collectives: 0.000B
	* dma rings runtime: 4.000KB
	* collectives: 0.000B

2026-Jul-02 23:05:21.517455 240915:241115  INFO  NMGR:kmgr_load_nn_internal_v2                Loaded NN "module.neff" ID: 0
2026-Jul-02 23:05:21.517476 240915:241115  INFO  NMGR:release_tmp_neff_cache                  NEFF load cache - cleared by the last worker
2026-Jul-02 23:05:21.517478 240915:241115  INFO  NMGR:kmgr_load_nn_post_metrics               NN: module.neff, loaded successfully
2026-Jul-02 23:05:21.517605 240915:241115  INFO  NMGR:kmgr_load_nn_internal                   Loading NN: module.neff version: 2.0, LNC start: 0
2026-Jul-02 23:05:21.517608 240915:241115  INFO  NMGR:enter_cache                             NEFF load cache - first worker, creating cache
2026-Jul-02 23:05:21.518793 240915:241115  INFO  NMGR:kmgr_load_nn_internal                   module.neff mac_count: 1073741824
2026-Jul-02 23:05:21.518998 240915:241289  INFO  TDRV:drs_create_data_refill_rings            Rank: 0, Vring: qActDynamicHW has 0/0 desc's, total tx/rx size: 0/0
2026-Jul-02 23:05:21.519012 240915:241289  INFO  TDRV:drs_create_data_refill_rings            Rank: 0, Vring: qPoolDynamic has 0/0 desc's, total tx/rx size: 0/0
2026-Jul-02 23:05:21.519019 240915:241289  INFO  TDRV:drs_create_data_refill_rings            Rank: 0, Vring: qSPDynamicHW has 0/0 desc's, total tx/rx size: 0/0
2026-Jul-02 23:05:21.519036 240915:241290  INFO  TDRV:drs_create_data_refill_rings            Rank: 0, Vring: qActDynamicHW has 0/0 desc's, total tx/rx size: 0/0
2026-Jul-02 23:05:21.519051 240915:241290  INFO  TDRV:drs_create_data_refill_rings            Rank: 0, Vring: qPoolDynamic has 0/0 desc's, total tx/rx size: 0/0
2026-Jul-02 23:05:21.519058 240915:241290  INFO  TDRV:drs_create_data_refill_rings            Rank: 0, Vring: qSPDynamicHW has 0/0 desc's, total tx/rx size: 0/0
2026-Jul-02 23:05:21.520982 240915:241289  INFO  TDRV:dml_log_dev_neff_mem                    
[ND 0:NC 4] Current Usage Total: 2.082GB
	Shared Scratchpad: 512.000MB
	Tensors: 1.576GB
Per NEFF memory usage breakdown for [module.neff]:
	Total: 193.883KB
	* model code: 81.875KB
	* model constants: 0.000B
	* scratchpad: 0.000B
	* runtime: 108.008KB
	* dma rings io: 0.000B
	* dma rings spill: 0.000B
	* dma rings collectives: 0.000B
	* dma rings runtime: 4.000KB
	* collectives: 0.000B

2026-Jul-02 23:05:21.521035 240915:241290  INFO  TDRV:dml_log_dev_neff_mem                    
[ND 0:NC 5] Current Usage Total: 518.046MB
	Shared Scratchpad: 512.000MB
	Tensors: 0.000B
Per NEFF memory usage breakdown for [module.neff]:
	Total: 193.883KB
	* model code: 81.875KB
	* model constants: 0.000B
	* scratchpad: 0.000B
	* runtime: 108.008KB
	* dma rings io: 0.000B
	* dma rings spill: 0.000B
	* dma rings collectives: 0.000B
	* dma rings runtime: 4.000KB
	* collectives: 0.000B

2026-Jul-02 23:05:21.521101 240915:241115  INFO  NMGR:kmgr_load_nn_internal_v2                Loaded NN "module.neff" ID: 0
2026-Jul-02 23:05:21.521130 240915:241115  INFO  NMGR:release_tmp_neff_cache                  NEFF load cache - cleared by the last worker
2026-Jul-02 23:05:21.521133 240915:241115  INFO  NMGR:kmgr_load_nn_post_metrics               NN: module.neff, loaded successfully
2026-Jul-02 23:05:21.521275 240915:241115  INFO  NMGR:kmgr_load_nn_internal                   Loading NN: module.neff version: 2.0, LNC start: 0
2026-Jul-02 23:05:21.521282 240915:241115  INFO  NMGR:enter_cache                             NEFF load cache - first worker, creating cache
2026-Jul-02 23:05:21.522111 240915:241115  INFO  NMGR:kmgr_load_nn_internal                   module.neff mac_count: 0
2026-Jul-02 23:05:21.522203 240915:241291  INFO  TDRV:drs_create_data_refill_rings            Rank: 0, Vring: qPoolDynamic has 0/0 desc's, total tx/rx size: 0/0
2026-Jul-02 23:05:21.522220 240915:241291  INFO  TDRV:drs_create_data_refill_rings            Rank: 0, Vring: qSPDynamicHW has 0/0 desc's, total tx/rx size: 0/0
2026-Jul-02 23:05:21.522269 240915:241292  INFO  TDRV:drs_create_data_refill_rings            Rank: 0, Vring: qPoolDynamic has 0/0 desc's, total tx/rx size: 0/0
2026-Jul-02 23:05:21.522283 240915:241292  INFO  TDRV:drs_create_data_refill_rings            Rank: 0, Vring: qSPDynamicHW has 0/0 desc's, total tx/rx size: 0/0
2026-Jul-02 23:05:21.524196 240915:241291  INFO  TDRV:dml_log_dev_neff_mem                    
[ND 0:NC 4] Current Usage Total: 2.082GB
	Shared Scratchpad: 512.000MB
	Tensors: 1.576GB
Per NEFF memory usage breakdown for [module.neff]:
	Total: 148.570KB
	* model code: 36.562KB
	* model constants: 0.000B
	* scratchpad: 0.000B
	* runtime: 108.008KB
	* dma rings io: 0.000B
	* dma rings spill: 0.000B
	* dma rings collectives: 0.000B
	* dma rings runtime: 4.000KB
	* collectives: 0.000B

2026-Jul-02 23:05:21.524274 240915:241292  INFO  TDRV:dml_log_dev_neff_mem                    
[ND 0:NC 5] Current Usage Total: 518.191MB
	Shared Scratchpad: 512.000MB
	Tensors: 0.000B
Per NEFF memory usage breakdown for [module.neff]:
	Total: 148.570KB
	* model code: 36.562KB
	* model constants: 0.000B
	* scratchpad: 0.000B
	* runtime: 108.008KB
	* dma rings io: 0.000B
	* dma rings spill: 0.000B
	* dma rings collectives: 0.000B
	* dma rings runtime: 4.000KB
	* collectives: 0.000B

2026-Jul-02 23:05:21.524338 240915:241115  INFO  NMGR:kmgr_load_nn_internal_v2                Loaded NN "module.neff" ID: 0
2026-Jul-02 23:05:21.524354 240915:241115  INFO  NMGR:release_tmp_neff_cache                  NEFF load cache - cleared by the last worker
2026-Jul-02 23:05:21.524356 240915:241115  INFO  NMGR:kmgr_load_nn_post_metrics               NN: module.neff, loaded successfully
2026-Jul-02 23:05:21.524491 240915:241115  INFO  NMGR:kmgr_load_nn_internal                   Loading NN: module.neff version: 2.0, LNC start: 0
2026-Jul-02 23:05:21.524493 240915:241115  INFO  NMGR:enter_cache                             NEFF load cache - first worker, creating cache
2026-Jul-02 23:05:21.525433 240915:241115  INFO  NMGR:kmgr_load_nn_internal                   module.neff mac_count: 0
2026-Jul-02 23:05:21.525605 240915:241293  INFO  TDRV:drs_create_data_refill_rings            Rank: 0, Vring: qPoolDynamic has 0/0 desc's, total tx/rx size: 0/0
2026-Jul-02 23:05:21.525678 240915:241294  INFO  TDRV:drs_create_data_refill_rings            Rank: 0, Vring: qPoolDynamic has 0/0 desc's, total tx/rx size: 0/0
2026-Jul-02 23:05:21.527564 240915:241293  INFO  TDRV:dml_log_dev_neff_mem                    
[ND 0:NC 4] Current Usage Total: 2.083GB
	Shared Scratchpad: 512.000MB
	Tensors: 1.576GB
Per NEFF memory usage breakdown for [module.neff]:
	Total: 148.195KB
	* model code: 36.188KB
	* model constants: 0.000B
	* scratchpad: 0.000B
	* runtime: 108.008KB
	* dma rings io: 0.000B
	* dma rings spill: 0.000B
	* dma rings collectives: 0.000B
	* dma rings runtime: 4.000KB
	* collectives: 0.000B

2026-Jul-02 23:05:21.527857 240915:241294  INFO  TDRV:dml_log_dev_neff_mem                    
[ND 0:NC 5] Current Usage Total: 518.336MB
	Shared Scratchpad: 512.000MB
	Tensors: 0.000B
Per NEFF memory usage breakdown for [module.neff]:
	Total: 148.195KB
	* model code: 36.188KB
	* model constants: 0.000B
	* scratchpad: 0.000B
	* runtime: 108.008KB
	* dma rings io: 0.000B
	* dma rings spill: 0.000B
	* dma rings collectives: 0.000B
	* dma rings runtime: 4.000KB
	* collectives: 0.000B

2026-Jul-02 23:05:21.527917 240915:241115  INFO  NMGR:kmgr_load_nn_internal_v2                Loaded NN "module.neff" ID: 0
2026-Jul-02 23:05:21.527935 240915:241115  INFO  NMGR:release_tmp_neff_cache                  NEFF load cache - cleared by the last worker
2026-Jul-02 23:05:21.527937 240915:241115  INFO  NMGR:kmgr_load_nn_post_metrics               NN: module.neff, loaded successfully
2026-Jul-02 23:05:21.530910 240915:241115  INFO  NMGR:kmgr_load_nn_internal                   Loading NN: module.neff version: 2.0, LNC start: 0
2026-Jul-02 23:05:21.530921 240915:241115  INFO  NMGR:enter_cache                             NEFF load cache - first worker, creating cache
2026-Jul-02 23:05:21.531361 240915:241115  INFO  NMGR:kmgr_load_nn_internal                   module.neff mac_count: 0
2026-Jul-02 23:05:21.531535 240915:241301  INFO  TDRV:drs_create_data_refill_rings            Rank: 0, Vring: qPoolDynamic has 0/0 desc's, total tx/rx size: 0/0
2026-Jul-02 23:05:21.531582 240915:241302  INFO  TDRV:drs_create_data_refill_rings            Rank: 0, Vring: qPoolDynamic has 0/0 desc's, total tx/rx size: 0/0
2026-Jul-02 23:05:21.532960 240915:241302  INFO  TDRV:dml_log_dev_neff_mem                    
[ND 0:NC 5] Current Usage Total: 518.390MB
	Shared Scratchpad: 512.000MB
	Tensors: 0.000B
Per NEFF memory usage breakdown for [module.neff]:
	Total: 55.383KB
	* model code: 27.375KB
	* model constants: 0.000B
	* scratchpad: 0.000B
	* runtime: 26.008KB
	* dma rings io: 0.000B
	* dma rings spill: 0.000B
	* dma rings collectives: 0.000B
	* dma rings runtime: 2.000KB
	* collectives: 0.000B

2026-Jul-02 23:05:21.532964 240915:241301  INFO  TDRV:dml_log_dev_neff_mem                    
[ND 0:NC 4] Current Usage Total: 2.083GB
	Shared Scratchpad: 512.000MB
	Tensors: 1.576GB
Per NEFF memory usage breakdown for [module.neff]:
	Total: 55.383KB
	* model code: 27.375KB
	* model constants: 0.000B
	* scratchpad: 0.000B
	* runtime: 26.008KB
	* dma rings io: 0.000B
	* dma rings spill: 0.000B
	* dma rings collectives: 0.000B
	* dma rings runtime: 2.000KB
	* collectives: 0.000B

2026-Jul-02 23:05:21.533035 240915:241115  INFO  NMGR:kmgr_load_nn_internal_v2                Loaded NN "module.neff" ID: 0
2026-Jul-02 23:05:21.533049 240915:241115  INFO  NMGR:release_tmp_neff_cache                  NEFF load cache - cleared by the last worker
2026-Jul-02 23:05:21.533051 240915:241115  INFO  NMGR:kmgr_load_nn_post_metrics               NN: module.neff, loaded successfully
2026-Jul-02 23:05:21.533194 240915:241115  INFO  NMGR:kmgr_load_nn_internal                   Loading NN: module.neff version: 2.0, LNC start: 0
2026-Jul-02 23:05:21.533197 240915:241115  INFO  NMGR:enter_cache                             NEFF load cache - first worker, creating cache
2026-Jul-02 23:05:21.533427 240915:241115  INFO  NMGR:kmgr_load_nn_internal                   module.neff mac_count: 0
2026-Jul-02 23:05:21.533590 240915:241303  INFO  TDRV:drs_create_data_refill_rings            Rank: 0, Vring: qPoolDynamic has 0/0 desc's, total tx/rx size: 0/0
2026-Jul-02 23:05:21.534951 240915:241304  INFO  TDRV:dml_log_dev_neff_mem                    
[ND 0:NC 5] Current Usage Total: 518.439MB
	Shared Scratchpad: 512.000MB
	Tensors: 0.000B
Per NEFF memory usage breakdown for [module.neff]:
	Total: 50.250KB
	* model code: 22.250KB
	* model constants: 0.000B
	* scratchpad: 0.000B
	* runtime: 26.000KB
	* dma rings io: 0.000B
	* dma rings spill: 0.000B
	* dma rings collectives: 0.000B
	* dma rings runtime: 2.000KB
	* collectives: 0.000B

2026-Jul-02 23:05:21.534968 240915:241303  INFO  TDRV:dml_log_dev_neff_mem                    
[ND 0:NC 4] Current Usage Total: 2.083GB
	Shared Scratchpad: 512.000MB
	Tensors: 1.576GB
Per NEFF memory usage breakdown for [module.neff]:
	Total: 50.695KB
	* model code: 22.688KB
	* model constants: 0.000B
	* scratchpad: 0.000B
	* runtime: 26.008KB
	* dma rings io: 0.000B
	* dma rings spill: 0.000B
	* dma rings collectives: 0.000B
	* dma rings runtime: 2.000KB
	* collectives: 0.000B

2026-Jul-02 23:05:21.535186 240915:241115  INFO  NMGR:kmgr_load_nn_internal_v2                Loaded NN "module.neff" ID: 0
2026-Jul-02 23:05:21.535195 240915:241115  INFO  NMGR:release_tmp_neff_cache                  NEFF load cache - cleared by the last worker
2026-Jul-02 23:05:21.535197 240915:241115  INFO  NMGR:kmgr_load_nn_post_metrics               NN: module.neff, loaded successfully
2026-Jul-02 23:05:21.535332 240915:241115  INFO  NMGR:kmgr_load_nn_internal                   Loading NN: module.neff version: 2.0, LNC start: 0
2026-Jul-02 23:05:21.535335 240915:241115  INFO  NMGR:enter_cache                             NEFF load cache - first worker, creating cache
2026-Jul-02 23:05:21.536475 240915:241115  INFO  NMGR:kmgr_load_nn_internal                   module.neff mac_count: 268435456
2026-Jul-02 23:05:21.536635 240915:241306  INFO  TDRV:drs_create_data_refill_rings            Rank: 0, Vring: qPoolDynamic has 0/0 desc's, total tx/rx size: 0/0
2026-Jul-02 23:05:21.536651 240915:241306  INFO  TDRV:drs_create_data_refill_rings            Rank: 0, Vring: qSPDynamicHW has 0/0 desc's, total tx/rx size: 0/0
2026-Jul-02 23:05:21.536694 240915:241305  INFO  TDRV:drs_create_data_refill_rings            Rank: 0, Vring: qPoolDynamic has 0/0 desc's, total tx/rx size: 0/0
2026-Jul-02 23:05:21.536710 240915:241305  INFO  TDRV:drs_create_data_refill_rings            Rank: 0, Vring: qSPDynamicHW has 0/0 desc's, total tx/rx size: 0/0
2026-Jul-02 23:05:21.538629 240915:241305  INFO  TDRV:dml_log_dev_neff_mem                    
[ND 0:NC 4] Current Usage Total: 2.083GB
	Shared Scratchpad: 512.000MB
	Tensors: 1.576GB
Per NEFF memory usage breakdown for [module.neff]:
	Total: 236.570KB
	* model code: 92.562KB
	* model constants: 32.000KB
	* scratchpad: 0.000B
	* runtime: 108.008KB
	* dma rings io: 0.000B
	* dma rings spill: 0.000B
	* dma rings collectives: 0.000B
	* dma rings runtime: 4.000KB
	* collectives: 0.000B

2026-Jul-02 23:05:21.538688 240915:241306  INFO  TDRV:dml_log_dev_neff_mem                    
[ND 0:NC 5] Current Usage Total: 518.670MB
	Shared Scratchpad: 512.000MB
	Tensors: 0.000B
Per NEFF memory usage breakdown for [module.neff]:
	Total: 236.570KB
	* model code: 92.562KB
	* model constants: 32.000KB
	* scratchpad: 0.000B
	* runtime: 108.008KB
	* dma rings io: 0.000B
	* dma rings spill: 0.000B
	* dma rings collectives: 0.000B
	* dma rings runtime: 4.000KB
	* collectives: 0.000B

2026-Jul-02 23:05:21.538744 240915:241115  INFO  NMGR:kmgr_load_nn_internal_v2                Loaded NN "module.neff" ID: 0
2026-Jul-02 23:05:21.538762 240915:241115  INFO  NMGR:release_tmp_neff_cache                  NEFF load cache - cleared by the last worker
2026-Jul-02 23:05:21.538764 240915:241115  INFO  NMGR:kmgr_load_nn_post_metrics               NN: module.neff, loaded successfully
2026-Jul-02 23:05:21.538896 240915:241115  INFO  NMGR:kmgr_load_nn_internal                   Loading NN: module.neff version: 2.0, LNC start: 0
2026-Jul-02 23:05:21.538898 240915:241115  INFO  NMGR:enter_cache                             NEFF load cache - first worker, creating cache
2026-Jul-02 23:05:21.539988 240915:241115  INFO  NMGR:kmgr_load_nn_internal                   module.neff mac_count: 0
2026-Jul-02 23:05:21.540193 240915:241307  INFO  TDRV:drs_create_data_refill_rings            Rank: 0, Vring: qActDynamicHW has 0/0 desc's, total tx/rx size: 0/0
2026-Jul-02 23:05:21.540208 240915:241307  INFO  TDRV:drs_create_data_refill_rings            Rank: 0, Vring: qPoolDynamic has 0/0 desc's, total tx/rx size: 0/0
2026-Jul-02 23:05:21.540214 240915:241307  INFO  TDRV:drs_create_data_refill_rings            Rank: 0, Vring: qSPDynamicHW has 0/0 desc's, total tx/rx size: 0/0
2026-Jul-02 23:05:21.540238 240915:241308  INFO  TDRV:drs_create_data_refill_rings            Rank: 0, Vring: qActDynamicHW has 0/0 desc's, total tx/rx size: 0/0
2026-Jul-02 23:05:21.540252 240915:241308  INFO  TDRV:drs_create_data_refill_rings            Rank: 0, Vring: qPoolDynamic has 0/0 desc's, total tx/rx size: 0/0
2026-Jul-02 23:05:21.540259 240915:241308  INFO  TDRV:drs_create_data_refill_rings            Rank: 0, Vring: qSPDynamicHW has 0/0 desc's, total tx/rx size: 0/0
2026-Jul-02 23:05:21.542105 240915:241308  INFO  TDRV:dml_log_dev_neff_mem                    
[ND 0:NC 5] Current Usage Total: 518.824MB
	Shared Scratchpad: 512.000MB
	Tensors: 0.000B
Per NEFF memory usage breakdown for [module.neff]:
	Total: 157.133KB
	* model code: 45.125KB
	* model constants: 0.000B
	* scratchpad: 0.000B
	* runtime: 108.008KB
	* dma rings io: 0.000B
	* dma rings spill: 0.000B
	* dma rings collectives: 0.000B
	* dma rings runtime: 4.000KB
	* collectives: 0.000B

2026-Jul-02 23:05:21.542144 240915:241307  INFO  TDRV:dml_log_dev_neff_mem                    
[ND 0:NC 4] Current Usage Total: 2.083GB
	Shared Scratchpad: 512.000MB
	Tensors: 1.576GB
Per NEFF memory usage breakdown for [module.neff]:
	Total: 157.133KB
	* model code: 45.125KB
	* model constants: 0.000B
	* scratchpad: 0.000B
	* runtime: 108.008KB
	* dma rings io: 0.000B
	* dma rings spill: 0.000B
	* dma rings collectives: 0.000B
	* dma rings runtime: 4.000KB
	* collectives: 0.000B

2026-Jul-02 23:05:21.542506 240915:241115  INFO  NMGR:kmgr_load_nn_internal_v2                Loaded NN "module.neff" ID: 0
2026-Jul-02 23:05:21.542534 240915:241115  INFO  NMGR:release_tmp_neff_cache                  NEFF load cache - cleared by the last worker
2026-Jul-02 23:05:21.542536 240915:241115  INFO  NMGR:kmgr_load_nn_post_metrics               NN: module.neff, loaded successfully
2026-Jul-02 23:05:21.542984 240915:241115  INFO  NMGR:kmgr_load_nn_internal                   Loading NN: module.neff version: 2.0, LNC start: 0
2026-Jul-02 23:05:21.542987 240915:241115  INFO  NMGR:enter_cache                             NEFF load cache - first worker, creating cache
2026-Jul-02 23:05:21.543272 240915:241115  INFO  NMGR:kmgr_load_nn_internal                   module.neff mac_count: 0
2026-Jul-02 23:05:21.543468 240915:241309  INFO  TDRV:drs_create_data_refill_rings            Rank: 0, Vring: qPoolDynamic has 0/0 desc's, total tx/rx size: 0/0
2026-Jul-02 23:05:21.544835 240915:241310  INFO  TDRV:dml_log_dev_neff_mem                    
[ND 0:NC 5] Current Usage Total: 518.873MB
	Shared Scratchpad: 512.000MB
	Tensors: 0.000B
Per NEFF memory usage breakdown for [module.neff]:
	Total: 50.250KB
	* model code: 22.250KB
	* model constants: 0.000B
	* scratchpad: 0.000B
	* runtime: 26.000KB
	* dma rings io: 0.000B
	* dma rings spill: 0.000B
	* dma rings collectives: 0.000B
	* dma rings runtime: 2.000KB
	* collectives: 0.000B

2026-Jul-02 23:05:21.544888 240915:241309  INFO  TDRV:dml_log_dev_neff_mem                    
[ND 0:NC 4] Current Usage Total: 2.083GB
	Shared Scratchpad: 512.000MB
	Tensors: 1.576GB
Per NEFF memory usage breakdown for [module.neff]:
	Total: 50.695KB
	* model code: 22.688KB
	* model constants: 0.000B
	* scratchpad: 0.000B
	* runtime: 26.008KB
	* dma rings io: 0.000B
	* dma rings spill: 0.000B
	* dma rings collectives: 0.000B
	* dma rings runtime: 2.000KB
	* collectives: 0.000B

2026-Jul-02 23:05:21.544941 240915:241115  INFO  NMGR:kmgr_load_nn_internal_v2                Loaded NN "module.neff" ID: 0
2026-Jul-02 23:05:21.544954 240915:241115  INFO  NMGR:release_tmp_neff_cache                  NEFF load cache - cleared by the last worker
2026-Jul-02 23:05:21.544956 240915:241115  INFO  NMGR:kmgr_load_nn_post_metrics               NN: module.neff, loaded successfully
2026-Jul-02 23:05:21.545106 240915:241115  INFO  NMGR:kmgr_load_nn_internal                   Loading NN: module.neff version: 2.0, LNC start: 0
2026-Jul-02 23:05:21.545108 240915:241115  INFO  NMGR:enter_cache                             NEFF load cache - first worker, creating cache
2026-Jul-02 23:05:21.546304 240915:241115  INFO  NMGR:kmgr_load_nn_internal                   module.neff mac_count: 33554432
2026-Jul-02 23:05:21.546562 240915:241311  INFO  TDRV:drs_create_data_refill_rings            Rank: 0, Vring: qPoolDynamic has 0/0 desc's, total tx/rx size: 0/0
2026-Jul-02 23:05:21.546578 240915:241311  INFO  TDRV:drs_create_data_refill_rings            Rank: 0, Vring: qSPDynamicHW has 0/0 desc's, total tx/rx size: 0/0
2026-Jul-02 23:05:21.546608 240915:241312  INFO  TDRV:drs_create_data_refill_rings            Rank: 0, Vring: qPoolDynamic has 0/0 desc's, total tx/rx size: 0/0
2026-Jul-02 23:05:21.546625 240915:241312  INFO  TDRV:drs_create_data_refill_rings            Rank: 0, Vring: qSPDynamicHW has 0/0 desc's, total tx/rx size: 0/0
2026-Jul-02 23:05:21.548805 240915:241311  INFO  TDRV:dml_log_dev_neff_mem                    
[ND 0:NC 4] Current Usage Total: 2.083GB
	Shared Scratchpad: 512.000MB
	Tensors: 1.576GB
Per NEFF memory usage breakdown for [module.neff]:
	Total: 234.445KB
	* model code: 90.438KB
	* model constants: 32.000KB
	* scratchpad: 0.000B
	* runtime: 108.008KB
	* dma rings io: 0.000B
	* dma rings spill: 0.000B
	* dma rings collectives: 0.000B
	* dma rings runtime: 4.000KB
	* collectives: 0.000B

2026-Jul-02 23:05:21.548807 240915:241312  INFO  TDRV:dml_log_dev_neff_mem                    
[ND 0:NC 5] Current Usage Total: 519.102MB
	Shared Scratchpad: 512.000MB
	Tensors: 0.000B
Per NEFF memory usage breakdown for [module.neff]:
	Total: 234.445KB
	* model code: 90.438KB
	* model constants: 32.000KB
	* scratchpad: 0.000B
	* runtime: 108.008KB
	* dma rings io: 0.000B
	* dma rings spill: 0.000B
	* dma rings collectives: 0.000B
	* dma rings runtime: 4.000KB
	* collectives: 0.000B

2026-Jul-02 23:05:21.548887 240915:241115  INFO  NMGR:kmgr_load_nn_internal_v2                Loaded NN "module.neff" ID: 0
2026-Jul-02 23:05:21.548909 240915:241115  INFO  NMGR:release_tmp_neff_cache                  NEFF load cache - cleared by the last worker
2026-Jul-02 23:05:21.548912 240915:241115  INFO  NMGR:kmgr_load_nn_post_metrics               NN: module.neff, loaded successfully
2026-Jul-02 23:05:21.549023 240915:241115  INFO  NMGR:kmgr_load_nn_internal                   Loading NN: module.neff version: 2.0, LNC start: 0
2026-Jul-02 23:05:21.549030 240915:241115  INFO  NMGR:enter_cache                             NEFF load cache - first worker, creating cache
2026-Jul-02 23:05:21.549392 240915:241115  INFO  NMGR:kmgr_load_nn_internal                   module.neff mac_count: 0
2026-Jul-02 23:05:21.549551 240915:241313  INFO  TDRV:drs_create_data_refill_rings            Rank: 0, Vring: qPoolDynamic has 0/0 desc's, total tx/rx size: 0/0
2026-Jul-02 23:05:21.549611 240915:241314  INFO  TDRV:drs_create_data_refill_rings            Rank: 0, Vring: qPoolDynamic has 0/0 desc's, total tx/rx size: 0/0
2026-Jul-02 23:05:21.550855 240915:241313  INFO  TDRV:dml_log_dev_neff_mem                    
[ND 0:NC 4] Current Usage Total: 2.083GB
	Shared Scratchpad: 512.000MB
	Tensors: 1.576GB
Per NEFF memory usage breakdown for [module.neff]:
	Total: 50.820KB
	* model code: 22.812KB
	* model constants: 0.000B
	* scratchpad: 0.000B
	* runtime: 26.008KB
	* dma rings io: 0.000B
	* dma rings spill: 0.000B
	* dma rings collectives: 0.000B
	* dma rings runtime: 2.000KB
	* collectives: 0.000B

2026-Jul-02 23:05:21.550998 240915:241314  INFO  TDRV:dml_log_dev_neff_mem                    
[ND 0:NC 5] Current Usage Total: 519.151MB
	Shared Scratchpad: 512.000MB
	Tensors: 0.000B
Per NEFF memory usage breakdown for [module.neff]:
	Total: 50.820KB
	* model code: 22.812KB
	* model constants: 0.000B
	* scratchpad: 0.000B
	* runtime: 26.008KB
	* dma rings io: 0.000B
	* dma rings spill: 0.000B
	* dma rings collectives: 0.000B
	* dma rings runtime: 2.000KB
	* collectives: 0.000B

2026-Jul-02 23:05:21.551048 240915:241115  INFO  NMGR:kmgr_load_nn_internal_v2                Loaded NN "module.neff" ID: 0
2026-Jul-02 23:05:21.551061 240915:241115  INFO  NMGR:release_tmp_neff_cache                  NEFF load cache - cleared by the last worker
2026-Jul-02 23:05:21.551063 240915:241115  INFO  NMGR:kmgr_load_nn_post_metrics               NN: module.neff, loaded successfully
2026-Jul-02 23:05:21.551172 240915:241115  INFO  NMGR:kmgr_load_nn_internal                   Loading NN: module.neff version: 2.0, LNC start: 0
2026-Jul-02 23:05:21.551176 240915:241115  INFO  NMGR:enter_cache                             NEFF load cache - first worker, creating cache
2026-Jul-02 23:05:21.551779 240915:241115  INFO  NMGR:kmgr_load_nn_internal                   module.neff mac_count: 0
2026-Jul-02 23:05:21.551871 240915:241315  INFO  TDRV:drs_create_data_refill_rings            Rank: 0, Vring: qActDynamicHW has 0/0 desc's, total tx/rx size: 0/0
2026-Jul-02 23:05:21.551888 240915:241315  INFO  TDRV:drs_create_data_refill_rings            Rank: 0, Vring: qPoolDynamic has 0/0 desc's, total tx/rx size: 0/0
2026-Jul-02 23:05:21.551895 240915:241315  INFO  TDRV:drs_create_data_refill_rings            Rank: 0, Vring: qSPDynamicHW has 0/0 desc's, total tx/rx size: 0/0
2026-Jul-02 23:05:21.553560 240915:241316  INFO  TDRV:dml_log_dev_neff_mem                    
[ND 0:NC 5] Current Usage Total: 519.201MB
	Shared Scratchpad: 512.000MB
	Tensors: 0.000B
Per NEFF memory usage breakdown for [module.neff]:
	Total: 50.688KB
	* model code: 22.688KB
	* model constants: 0.000B
	* scratchpad: 0.000B
	* runtime: 26.000KB
	* dma rings io: 0.000B
	* dma rings spill: 0.000B
	* dma rings collectives: 0.000B
	* dma rings runtime: 2.000KB
	* collectives: 0.000B

2026-Jul-02 23:05:21.554467 240915:241315  INFO  TDRV:dml_log_dev_neff_mem                    
[ND 0:NC 4] Current Usage Total: 2.083GB
	Shared Scratchpad: 512.000MB
	Tensors: 1.576GB
Per NEFF memory usage breakdown for [module.neff]:
	Total: 149.508KB
	* model code: 37.500KB
	* model constants: 0.000B
	* scratchpad: 0.000B
	* runtime: 108.008KB
	* dma rings io: 0.000B
	* dma rings spill: 0.000B
	* dma rings collectives: 0.000B
	* dma rings runtime: 4.000KB
	* collectives: 0.000B

2026-Jul-02 23:05:21.554627 240915:241115  INFO  NMGR:kmgr_load_nn_internal_v2                Loaded NN "module.neff" ID: 0
2026-Jul-02 23:05:21.554650 240915:241115  INFO  NMGR:release_tmp_neff_cache                  NEFF load cache - cleared by the last worker
2026-Jul-02 23:05:21.554662 240915:241115  INFO  NMGR:kmgr_load_nn_post_metrics               NN: module.neff, loaded successfully
2026-Jul-02 23:05:21.554777 240915:241115  INFO  NMGR:kmgr_load_nn_internal                   Loading NN: module.neff version: 2.0, LNC start: 0
2026-Jul-02 23:05:21.554780 240915:241115  INFO  NMGR:enter_cache                             NEFF load cache - first worker, creating cache
2026-Jul-02 23:05:21.555053 240915:241115  INFO  NMGR:kmgr_load_nn_internal                   module.neff mac_count: 0
2026-Jul-02 23:05:21.555236 240915:241317  INFO  TDRV:drs_create_data_refill_rings            Rank: 0, Vring: qPoolDynamic has 0/0 desc's, total tx/rx size: 0/0
2026-Jul-02 23:05:21.555298 240915:241318  INFO  TDRV:drs_create_data_refill_rings            Rank: 0, Vring: qPoolDynamic has 0/0 desc's, total tx/rx size: 0/0
2026-Jul-02 23:05:21.556611 240915:241317  INFO  TDRV:dml_log_dev_neff_mem                    
[ND 0:NC 4] Current Usage Total: 2.084GB
	Shared Scratchpad: 512.000MB
	Tensors: 1.576GB
Per NEFF memory usage breakdown for [module.neff]:
	Total: 50.695KB
	* model code: 22.688KB
	* model constants: 0.000B
	* scratchpad: 0.000B
	* runtime: 26.008KB
	* dma rings io: 0.000B
	* dma rings spill: 0.000B
	* dma rings collectives: 0.000B
	* dma rings runtime: 2.000KB
	* collectives: 0.000B

2026-Jul-02 23:05:21.556783 240915:241318  INFO  TDRV:dml_log_dev_neff_mem                    
[ND 0:NC 5] Current Usage Total: 519.250MB
	Shared Scratchpad: 512.000MB
	Tensors: 0.000B
Per NEFF memory usage breakdown for [module.neff]:
	Total: 50.695KB
	* model code: 22.688KB
	* model constants: 0.000B
	* scratchpad: 0.000B
	* runtime: 26.008KB
	* dma rings io: 0.000B
	* dma rings spill: 0.000B
	* dma rings collectives: 0.000B
	* dma rings runtime: 2.000KB
	* collectives: 0.000B

2026-Jul-02 23:05:21.556833 240915:241115  INFO  NMGR:kmgr_load_nn_internal_v2                Loaded NN "module.neff" ID: 0
2026-Jul-02 23:05:21.556845 240915:241115  INFO  NMGR:release_tmp_neff_cache                  NEFF load cache - cleared by the last worker
2026-Jul-02 23:05:21.556846 240915:241115  INFO  NMGR:kmgr_load_nn_post_metrics               NN: module.neff, loaded successfully
2026-Jul-02 23:05:21.557112 240915:241115  INFO  NMGR:kmgr_load_nn_internal                   Loading NN: module.neff version: 2.0, LNC start: 0
2026-Jul-02 23:05:21.557114 240915:241115  INFO  NMGR:enter_cache                             NEFF load cache - first worker, creating cache
2026-Jul-02 23:05:21.557909 240915:241115  INFO  NMGR:kmgr_load_nn_internal                   module.neff mac_count: 0
2026-Jul-02 23:05:21.558080 240915:241319  INFO  TDRV:drs_create_data_refill_rings            Rank: 0, Vring: qPoolDynamic has 0/0 desc's, total tx/rx size: 0/0
2026-Jul-02 23:05:21.558130 240915:241320  INFO  TDRV:drs_create_data_refill_rings            Rank: 0, Vring: qPoolDynamic has 0/0 desc's, total tx/rx size: 0/0
2026-Jul-02 23:05:21.560017 240915:241320  INFO  TDRV:dml_log_dev_neff_mem                    
[ND 0:NC 5] Current Usage Total: 519.384MB
	Shared Scratchpad: 512.000MB
	Tensors: 0.000B
Per NEFF memory usage breakdown for [module.neff]:
	Total: 136.883KB
	* model code: 24.875KB
	* model constants: 0.000B
	* scratchpad: 0.000B
	* runtime: 108.008KB
	* dma rings io: 0.000B
	* dma rings spill: 0.000B
	* dma rings collectives: 0.000B
	* dma rings runtime: 4.000KB
	* collectives: 0.000B

2026-Jul-02 23:05:21.560081 240915:241319  INFO  TDRV:dml_log_dev_neff_mem                    
[ND 0:NC 4] Current Usage Total: 2.084GB
	Shared Scratchpad: 512.000MB
	Tensors: 1.576GB
Per NEFF memory usage breakdown for [module.neff]:
	Total: 136.883KB
	* model code: 24.875KB
	* model constants: 0.000B
	* scratchpad: 0.000B
	* runtime: 108.008KB
	* dma rings io: 0.000B
	* dma rings spill: 0.000B
	* dma rings collectives: 0.000B
	* dma rings runtime: 4.000KB
	* collectives: 0.000B

2026-Jul-02 23:05:21.560178 240915:241115  INFO  NMGR:kmgr_load_nn_internal_v2                Loaded NN "module.neff" ID: 0
2026-Jul-02 23:05:21.560217 240915:241115  INFO  NMGR:release_tmp_neff_cache                  NEFF load cache - cleared by the last worker
2026-Jul-02 23:05:21.560220 240915:241115  INFO  NMGR:kmgr_load_nn_post_metrics               NN: module.neff, loaded successfully
2026-Jul-02 23:05:21.560348 240915:241115  INFO  NMGR:kmgr_load_nn_internal                   Loading NN: module.neff version: 2.0, LNC start: 0
2026-Jul-02 23:05:21.560351 240915:241115  INFO  NMGR:enter_cache                             NEFF load cache - first worker, creating cache
2026-Jul-02 23:05:21.560638 240915:241115  INFO  NMGR:kmgr_load_nn_internal                   module.neff mac_count: 0
2026-Jul-02 23:05:21.560828 240915:241321  INFO  TDRV:drs_create_data_refill_rings            Rank: 0, Vring: qPoolDynamic has 0/0 desc's, total tx/rx size: 0/0
2026-Jul-02 23:05:21.562185 240915:241322  INFO  TDRV:dml_log_dev_neff_mem                    
[ND 0:NC 5] Current Usage Total: 519.433MB
	Shared Scratchpad: 512.000MB
	Tensors: 0.000B
Per NEFF memory usage breakdown for [module.neff]:
	Total: 50.250KB
	* model code: 22.250KB
	* model constants: 0.000B
	* scratchpad: 0.000B
	* runtime: 26.000KB
	* dma rings io: 0.000B
	* dma rings spill: 0.000B
	* dma rings collectives: 0.000B
	* dma rings runtime: 2.000KB
	* collectives: 0.000B

2026-Jul-02 23:05:21.562193 240915:241321  INFO  TDRV:dml_log_dev_neff_mem                    
[ND 0:NC 4] Current Usage Total: 2.084GB
	Shared Scratchpad: 512.000MB
	Tensors: 1.576GB
Per NEFF memory usage breakdown for [module.neff]:
	Total: 50.695KB
	* model code: 22.688KB
	* model constants: 0.000B
	* scratchpad: 0.000B
	* runtime: 26.008KB
	* dma rings io: 0.000B
	* dma rings spill: 0.000B
	* dma rings collectives: 0.000B
	* dma rings runtime: 2.000KB
	* collectives: 0.000B

2026-Jul-02 23:05:21.562460 240915:241115  INFO  NMGR:kmgr_load_nn_internal_v2                Loaded NN "module.neff" ID: 0
2026-Jul-02 23:05:21.562481 240915:241115  INFO  NMGR:release_tmp_neff_cache                  NEFF load cache - cleared by the last worker
2026-Jul-02 23:05:21.562483 240915:241115  INFO  NMGR:kmgr_load_nn_post_metrics               NN: module.neff, loaded successfully
2026-Jul-02 23:05:21.562619 240915:241115  INFO  NMGR:kmgr_load_nn_internal                   Loading NN: module.neff version: 2.0, LNC start: 0
2026-Jul-02 23:05:21.562622 240915:241115  INFO  NMGR:enter_cache                             NEFF load cache - first worker, creating cache
2026-Jul-02 23:05:21.564370 240915:241115  INFO  NMGR:kmgr_load_nn_internal                   module.neff mac_count: 2147483648
2026-Jul-02 23:05:21.564571 240915:241324  INFO  TDRV:drs_create_data_refill_rings            Rank: 0, Vring: qPoolDynamic has 0/0 desc's, total tx/rx size: 0/0
2026-Jul-02 23:05:21.564586 240915:241324  INFO  TDRV:drs_create_data_refill_rings            Rank: 0, Vring: qSPDynamicHW has 0/0 desc's, total tx/rx size: 0/0
2026-Jul-02 23:05:21.564661 240915:241323  INFO  TDRV:drs_create_data_refill_rings            Rank: 0, Vring: qPoolDynamic has 0/0 desc's, total tx/rx size: 0/0
2026-Jul-02 23:05:21.564677 240915:241323  INFO  TDRV:drs_create_data_refill_rings            Rank: 0, Vring: qSPDynamicHW has 0/0 desc's, total tx/rx size: 0/0
2026-Jul-02 23:05:21.566560 240915:241323  INFO  TDRV:dml_log_dev_neff_mem                    
[ND 0:NC 4] Current Usage Total: 2.084GB
	Shared Scratchpad: 512.000MB
	Tensors: 1.576GB
Per NEFF memory usage breakdown for [module.neff]:
	Total: 261.195KB
	* model code: 117.188KB
	* model constants: 32.000KB
	* scratchpad: 0.000B
	* runtime: 108.008KB
	* dma rings io: 0.000B
	* dma rings spill: 0.000B
	* dma rings collectives: 0.000B
	* dma rings runtime: 4.000KB
	* collectives: 0.000B

2026-Jul-02 23:05:21.567196 240915:241324  INFO  TDRV:dml_log_dev_neff_mem                    
[ND 0:NC 5] Current Usage Total: 519.688MB
	Shared Scratchpad: 512.000MB
	Tensors: 0.000B
Per NEFF memory usage breakdown for [module.neff]:
	Total: 261.195KB
	* model code: 117.188KB
	* model constants: 32.000KB
	* scratchpad: 0.000B
	* runtime: 108.008KB
	* dma rings io: 0.000B
	* dma rings spill: 0.000B
	* dma rings collectives: 0.000B
	* dma rings runtime: 4.000KB
	* collectives: 0.000B

2026-Jul-02 23:05:21.567416 240915:241115  INFO  NMGR:kmgr_load_nn_internal_v2                Loaded NN "module.neff" ID: 0
2026-Jul-02 23:05:21.567445 240915:241115  INFO  NMGR:release_tmp_neff_cache                  NEFF load cache - cleared by the last worker
2026-Jul-02 23:05:21.567447 240915:241115  INFO  NMGR:kmgr_load_nn_post_metrics               NN: module.neff, loaded successfully
2026-Jul-02 23:05:21.567844 240915:241115  INFO  NMGR:kmgr_load_nn_internal                   Loading NN: module.neff version: 2.0, LNC start: 0
2026-Jul-02 23:05:21.567849 240915:241115  INFO  NMGR:enter_cache                             NEFF load cache - first worker, creating cache
2026-Jul-02 23:05:21.588675 240915:241115  INFO  NMGR:kmgr_load_nn_internal                   module.neff mac_count: 4294967296
2026-Jul-02 23:05:21.589449 240915:241325  INFO  TDRV:drs_create_data_refill_rings            Rank: 0, Vring: qActDynamicHW has 0/0 desc's, total tx/rx size: 0/0
2026-Jul-02 23:05:21.589507 240915:241325  INFO  TDRV:drs_create_data_refill_rings            Rank: 0, Vring: qPoolDynamic has 0/0 desc's, total tx/rx size: 0/0
2026-Jul-02 23:05:21.589514 240915:241325  INFO  TDRV:drs_create_data_refill_rings            Rank: 0, Vring: qSPDynamicHW has 0/0 desc's, total tx/rx size: 0/0
2026-Jul-02 23:05:21.589460 240915:241326  INFO  TDRV:drs_create_data_refill_rings            Rank: 0, Vring: qActDynamicHW has 0/0 desc's, total tx/rx size: 0/0
2026-Jul-02 23:05:21.589538 240915:241326  INFO  TDRV:drs_create_data_refill_rings            Rank: 0, Vring: qPoolDynamic has 0/0 desc's, total tx/rx size: 0/0
2026-Jul-02 23:05:21.589544 240915:241326  INFO  TDRV:drs_create_data_refill_rings            Rank: 0, Vring: qSPDynamicHW has 0/0 desc's, total tx/rx size: 0/0
2026-Jul-02 23:05:21.595091 240915:241326  INFO  TDRV:dml_log_dev_neff_mem                    
[ND 0:NC 5] Current Usage Total: 521.604MB
	Shared Scratchpad: 512.000MB
	Tensors: 0.000B
Per NEFF memory usage breakdown for [module.neff]:
	Total: 1.916MB
	* model code: 1.713MB
	* model constants: 96.000KB
	* scratchpad: 0.000B
	* runtime: 108.008KB
	* dma rings io: 0.000B
	* dma rings spill: 0.000B
	* dma rings collectives: 0.000B
	* dma rings runtime: 4.000KB
	* collectives: 0.000B

2026-Jul-02 23:05:21.595626 240915:241325  INFO  TDRV:dml_log_dev_neff_mem                    
[ND 0:NC 4] Current Usage Total: 2.086GB
	Shared Scratchpad: 512.000MB
	Tensors: 1.576GB
Per NEFF memory usage breakdown for [module.neff]:
	Total: 1.916MB
	* model code: 1.713MB
	* model constants: 96.002KB
	* scratchpad: 0.000B
	* runtime: 108.008KB
	* dma rings io: 0.000B
	* dma rings spill: 0.000B
	* dma rings collectives: 0.000B
	* dma rings runtime: 4.000KB
	* collectives: 0.000B

2026-Jul-02 23:05:21.595803 240915:241115  INFO  NMGR:kmgr_load_nn_internal_v2                Loaded NN "module.neff" ID: 0
2026-Jul-02 23:05:21.595906 240915:241115  INFO  NMGR:release_tmp_neff_cache                  NEFF load cache - cleared by the last worker
2026-Jul-02 23:05:21.595910 240915:241115  INFO  NMGR:kmgr_load_nn_post_metrics               NN: module.neff, loaded successfully
python: /opt/workspace/KaenaRuntime/tdrv/tensor.c:185: tensor_set_slice: Assertion `(tensor_source->_size) >= (offset + size)' failed.
